,Geo Level,State,State ANSI,Ag District,Ag District Code,County,County ANSI,COTTON-AREA-ACRES,CORN-GRAIN-ACRES,SORGHUM-ACRES,"CATTLE, COWS, BEEF - INVENTORY  -  <b>VALUE</b>","CATTLE, COWS, MILK - INVENTORY  -  <b>VALUE</b>","CATTLE, INCL CALVES - INVENTORY  -  <b>VALUE</b>","Mean Annual
Precipitation (cm.)",Latitude,Longitude,CH4-Kg/year-milk,CH4-Kg/year-non-milk,CH4-Kg/year-calves,Application Factor,Lime-cotton-tonnes,Lime-corn-tonnes,Lime-sorghum-tonnes,E-cotton-CO2,E-corn-CO2,E-sorghum-CO2,Urea_tonne_cotton,E-cotton-urea-CO2,Urea_tonne_corn,E-corn-urea-CO2,Urea_tonne_sorghum,E-sorghum-urea-CO2,E-CH4-total-tonne,E-NO2-cotton,E-NO2-corn,E-NO2-sorghum,Tillage,E-N20-T,E-CO2-T
0,COUNTY,TEXAS,48,BLACKLANDS,40,BELL,27.0,6261.0,67409.0,7264.0,0.0,0.0,37000.0,90.9574,31.0081659,-97.4314413,0.0,0.0,1739000.0,0.4,1013.4956184,10911.7914296,1175.8556416000001,401.709123309024,4324.997651036256,466.0621421045761,684.1099937273628,502.13673539588433,4586.4274692,3366.4377623928003,65.89789660800001,48.369056110272005,1739.0,4508.53749808962,502938.2868377828,778.6990983752785,CT,108.78868537666175,1219.389660265879
1,COUNTY,TEXAS,48,BLACKLANDS,40,BOSQUE,35.0,6243.0,3965.0,1299.0,23500.0,0.0,52000.0,89.0778,31.8778358,-97.6561014,0.0,1104500.0,2444000.0,0.4,1010.5818792000001,641.831996,210.2748456,400.55423363971204,254.39652993456,83.34453780201599,682.1432184698813,500.69312235689284,269.773842,198.01400002800003,11.784329253000001,8.649697671702,3548.5,4482.651211877135,1740.0643620754872,24.902118931541114,CT,15.46731166912851,173.36986706056132
2,COUNTY,TEXAS,48,BLACKLANDS,40,COLLIN,85.0,840.0,22840.0,7102.0,17400.0,0.0,42000.0,104.1654,33.1609629,-96.6060984,0.0,817800.0,1974000.0,0.45,152.971308,4159.362708,1293.3359874,60.631707638879995,1648.6050029428798,512.6266519658639,91.78284534914309,67.36860848627103,1554.0061919999998,1140.6405449279998,32.2139618,23.6450479612,2791.8,81.15342446652234,57739.24865783209,372.1749091771432,CT,41.37610044313146,463.776070901034
3,COUNTY,TEXAS,48,BLACKLANDS,40,COOKE,97.0,0.0,3002.0,4870.0,0.0,0.0,86000.0,93.726,33.582486,-97.2055298,0.0,0.0,4042000.0,0.4,0.0,485.9469488,788.3283279999999,0.0,192.609932626368,312.46181608608,0.0,0.0,204.2524776,149.9213185584,44.17989489000001,32.42804284926,4042.0,0.0,997.4710616559294,350.0063496984223,CT,10.581270310192025,118.6032496307238
4,COUNTY,TEXAS,48,BLACKLANDS,40,CORYELL,99.0,0.0,1657.0,4705.0,25500.0,0.0,55000.0,84.9122,31.3689333,-97.8184077,0.0,1198500.0,2585000.0,0.4,0.0,268.2258808,761.619052,0.0,106.314010113888,301.87532745071996,0.0,0.0,112.74029159999999,82.7513740344,42.683040135000006,31.329351459090006,3783.5,0.0,303.8952737886646,326.69106474424206,CT,8.551580502215659,95.85288035450517
5,COUNTY,TEXAS,48,BLACKLANDS,40,DELTA,119.0,0.0,10176.0,1000.0,8400.0,0.0,19300.0,114.3,33.3926893,-95.6749486,0.0,394800.0,907100.0,0.45,0.0,1853.1381311999999,182.1087,0.0,734.509829682432,72.180604332,0.0,0.0,692.3628288,508.19431633920004,4.5359,3.3293505999999997,1301.9,0.0,11461.280084454873,7.378800272450001,CT,15.022392909896604,168.38286558345644
6,COUNTY,TEXAS,48,BLACKLANDS,40,DENTON,121.0,3310.0,1576.0,9346.0,22500.0,0.0,39000.0,95.9866,33.1838787,-97.1413417,0.0,1057500.0,1833000.0,0.4,535.804264,255.11405440000004,1512.8781424,212.37137807904,101.11700660198402,599.644380521664,361.66811679245666,265.4643977256632,107.22914879999999,78.7061952192,84.78548206200001,62.232543833508004,2890.5,1260.0978370148318,274.9105175314522,1289.0493796261096,CT,19.13016248153619,214.42599704579027
7,COUNTY,TEXAS,48,BLACKLANDS,40,ELLIS,139.0,24348.0,65161.0,5191.0,28000.0,0.0,51000.0,98.5774,32.3347829,-96.7920233,0.0,1316000.0,2397000.0,0.4,3941.3178912000003,10547.8977784,840.2900104,1562.180759356032,4180.764763446624,333.05734852214397,2660.3913316201615,1952.7272374091988,4433.4762468,3254.1715651512,47.091957777000005,34.565497008318005,3713.0,68182.80512942495,469952.9827399266,397.6674629495377,CT,127.29246676514033,1426.794682422452
8,COUNTY,TEXAS,48,BLACKLANDS,40,FALLS,145.0,4676.0,66617.0,2455.0,0.0,0.0,115000.0,96.4946,31.2320941,-96.9262126,0.0,0.0,5405000.0,0.4,756.9246944,10783.5869048,397.401652,300.014671872384,4274.182505586528,157.51411878672,510.92450577689647,375.018587240242,4532.5407396,3326.8849028664004,22.271384385,16.347196138590004,5405.0,2514.764283274268,491189.49614089436,88.9448882354411,CT,99.12951255539144,1111.1220088626294
9,COUNTY,TEXAS,48,BLACKLANDS,40,FANNIN,147.0,2965.0,24974.0,0.0,38500.0,0.0,76000.0,113.1824,33.5372542,-96.0902822,0.0,1809500.0,3572000.0,0.45,539.9522955,4547.9826738,0.0,214.01549184438,1802.638412587368,0.0,323.9715910240586,237.79514781165904,1699.2009911999999,1247.2135275408,0.0,0.0,5381.5,1011.1082964933431,69032.74515249225,0.0,CT,37.55463810930576,420.9420974889218
10,COUNTY,TEXAS,48,BLACKLANDS,40,GRAYSON,181.0,0.0,33034.0,7181.0,29000.0,200.0,54000.0,106.7816,33.5636114,-96.6702111,23600.0,1363000.0,2538000.0,0.45,0.0,6015.7787958,1307.7225747,0.0,2384.4140835032877,518.328919708092,0.0,0.0,2247.5937191999997,1649.7337898928,32.572297899999995,23.9080666586,3924.6,0.0,120781.73337275595,380.5008301161641,CT,54.055612998522896,605.8980797636633
11,COUNTY,TEXAS,48,BLACKLANDS,40,HAMILTON,193.0,742.0,0.0,1335.0,26000.0,9800.0,67000.0,72.6186,31.6429346,-97.9715967,1156400.0,1222000.0,3149000.0,0.4,120.1108048,0.0,216.10232399999998,47.60711859052799,0.0,85.65431714063999,81.07484672507638,59.508937496206066,0.0,0.0,12.110915745000002,8.889412156830002,5527.400000000001,63.3222137017948,0.0,26.301500895617494,CT,2.7918316100443135,31.293057607090105
12,COUNTY,TEXAS,48,BLACKLANDS,40,HILL,217.0,20690.0,102992.0,3587.0,0.0,0.0,61000.0,94.361,31.9595085,-97.0881654,0.0,0.0,2867000.0,0.4,3349.181336,16671.768204800002,580.6434728,1327.48151433696,6608.022045654529,230.143846879008,2260.69889318306,1659.3529875963661,7007.452089599999,5143.4698337664,32.540715189000004,23.884884948726004,2867.0,49234.46917130593,1174048.1611677376,189.88066943120216,CT,171.07059084194978,1917.4945347119647
13,COUNTY,TEXAS,48,BLACKLANDS,40,HUNT,231.0,5561.0,8275.0,363.0,34500.0,0.0,62000.0,110.998,33.1161567,-96.0808922,0.0,1621500.0,2914000.0,0.45,1012.7064807,1506.9494925,66.10545809999999,401.396340690252,597.2945008472999,26.201559372515995,607.6242892697436,445.99622832399183,563.02107,413.25746538000004,1.6465317,1.2085542678,4535.5,3556.755966300704,7579.052824022637,0.9722971331004642,CT,19.085805022156574,213.92880354505172
14,COUNTY,TEXAS,48,BLACKLANDS,40,JOHNSON,251.0,3634.0,21843.0,2585.0,28000.0,4200.0,64000.0,92.075,32.3766071,-97.3568623,495600.0,1316000.0,3008000.0,0.4,588.2515696,3535.8225192,418.44532399999997,233.15939212665603,1401.4586137101119,165.85498862063997,397.07007142712615,291.4494324275106,1486.1715084,1090.8498871656,23.450724495000003,17.212831779330003,4819.6,1518.8613275995147,52808.45974011435,98.61411820741917,CT,37.71997045790251,422.7952732644018
15,COUNTY,TEXAS,48,BLACKLANDS,40,KAUFMAN,257.0,0.0,10058.0,0.0,30000.0,0.0,82000.0,98.806,32.601641,-96.3375126,0.0,1410000.0,3854000.0,0.4,0.0,1628.1327152000001,0.0,0.0,645.326682996672,0.0,0.0,0.0,684.3342504,502.3013397936,0.0,0.0,5264.0,0.0,11197.013238095018,0.0,CT,13.519615952732645,151.53855243722305
16,COUNTY,TEXAS,48,BLACKLANDS,40,LAMAR,277.0,5607.0,14465.0,0.0,0.0,0.0,90000.0,121.4628,33.6383552,-95.582343,0.0,0.0,4230000.0,0.45,1021.0834809,2634.2023455,0.0,404.716648489524,1044.09244166238,0.0,612.65049270553,449.68546164585905,984.181242,722.389031628,0.0,0.0,4230.0,3615.841547996194,23158.786823400096,0.0,CT,26.980088626292467,302.4141802067947
17,COUNTY,TEXAS,48,BLACKLANDS,40,LIMESTONE,293.0,4687.0,7114.0,637.0,36000.0,400.0,79000.0,105.156,31.5261854,-96.580617,47200.0,1692000.0,3713000.0,0.45,853.5434769,1295.5212918,116.0032419,338.310492504084,513.4928192178479,45.979044959484,512.1264239898019,375.90079520851464,484.02802319999995,355.2765690288,2.8893683,2.1207963322000003,5452.2,2526.609853917806,5601.529800637093,2.994088407751764,CT,16.71872968980798,187.39675036927622
18,COUNTY,TEXAS,48,BLACKLANDS,40,MCLENNAN,309.0,11308.0,88312.0,5243.0,35500.0,3400.0,87000.0,84.6836,31.5487691,-97.2189254,401200.0,1668500.0,4089000.0,0.4,1830.4757152,14295.4520128,848.7074792000001,725.5273544766719,5666.145359793408,336.393696455712,1235.5719228667974,906.9097913842294,6008.6425056,4410.3435991104,47.56369382100001,34.911751264614004,6158.7,14706.857288963933,863213.7902096132,405.6745062453805,CT,140.9532200886263,1579.915214180207
19,COUNTY,TEXAS,48,BLACKLANDS,40,MILAM,331.0,13473.0,45752.0,10072.0,0.0,0.0,81000.0,90.2208,30.7626867,-96.9981706,0.0,0.0,3807000.0,0.4,2180.9337912,7406.0775488,1630.3989568,864.4349174800319,2935.472897242368,646.2249305172479,1472.1312802250056,1080.5443596851542,3112.9111776,2284.8768043584,91.371642984,67.066785950256,3807.0,20877.423360875902,231685.62898789003,1497.095258921899,CT,93.14663220088627,1044.061152141802
20,COUNTY,TEXAS,48,BLACKLANDS,40,NAVARRO,349.0,26852.0,26127.0,5813.0,0.0,0.0,83000.0,100.2792,32.0279525,-96.4985456,0.0,0.0,3901000.0,0.45,4889.9828124,4757.9540049,1058.5978731,1938.1935875228642,1885.8626493821637,419.585852981916,2933.9916229942737,2153.5498512777967,1777.6497276,1304.7949000584001,26.367186699999998,19.3535150378,3901.0,82928.06951866191,75554.09704449061,249.33681126354952,CT,79.0261742983752,885.7878877400296
21,COUNTY,TEXAS,48,BLACKLANDS,40,ROCKWALL,397.0,0.0,4620.0,5044.0,2600.0,0.0,4300.0,100.076,32.8923464,-96.4066987,0.0,122200.0,202100.0,0.45,0.0,841.342194,918.5562828000001,0.0,333.4743920138399,364.078968250608,0.0,0.0,314.339256,230.72501390399998,22.8790796,16.7932444264,324.3,0.0,2362.4513846652553,187.73096428845554,CT,12.990014771048745,145.60236336779911
22,COUNTY,TEXAS,48,BLACKLANDS,40,WILLIAMSON,491.0,27204.0,108423.0,8970.0,33000.0,0.0,80000.0,89.1794,30.6580927,-97.6041649,0.0,1551000.0,3760000.0,0.4,4403.6311776,17550.9080712,1452.013368,1745.423253553536,6956.4779231008315,575.5200185404799,2972.453005807248,2181.78050626252,7376.9708124,5414.6965763016,81.37446759000001,59.728859211060005,5311.0,85116.51054553656,1301133.2302577463,1187.4159735230905,CT,194.3622895125554,2178.5663220088627
23,COUNTY,TEXAS,48,COASTAL BEND,82,KLEBERG,273.0,28928.0,6362.0,24655.0,15800.0,0.0,28000.0,73.7362,27.3983129,-97.7485096,0.0,742600.0,1316000.0,0.4,4682.7026432,1029.8449328000002,3991.013332,1856.036019658752,408.189337564608,1581.87804427152,3160.826369357156,2320.046555108153,432.86284559999996,317.7213286704,223.666387785,164.17112863419004,2058.6,96246.5334114591,4479.878738319519,8970.73473071898,CT,80.57599704579026,903.1595273264403
24,COUNTY,TEXAS,48,COASTAL BEND,82,NUECES,355.0,128293.0,24820.0,142457.0,7200.0,0.0,10500.0,81.9404,27.7153774,-97.6199942,0.0,338400.0,493500.0,0.4,20767.3523992,4017.722608,23060.1414008,8231.347796946913,1592.46453290688,9140.117645621089,14017.972117116205,10289.191533963294,1688.723016,1239.522693744,1292.3481080790002,948.5835113299862,831.9,1893015.6313240132,68184.00125459889,299492.250585438,CT,397.2949778434269,4453.196454948302
25,COUNTY,TEXAS,48,COASTAL BEND,82,REFUGIO,391.0,22920.0,3811.0,24774.0,14500.0,0.0,27000.0,101.854,28.3171012,-97.2394101,0.0,681500.0,1269000.0,0.45,4173.931404,694.0162557,4511.5609338,1654.3794512894399,275.080283109252,1788.2022917209679,2504.3604945266184,1838.200602982538,259.2958668,190.3231662312,112.3723866,82.48133176440001,1950.5,60419.552611493906,1607.5216350397222,4528.746606805282,CT,69.23124076809454,775.9985228951256
26,COUNTY,TEXAS,48,COASTAL BEND,82,SAN PATRICIO,409.0,98021.0,19756.0,85707.0,6300.0,0.0,15700.0,90.2716,28.0003594,-97.50204408532724,0.0,296100.0,737900.0,0.4,15867.0905624,3197.9906464,13873.769200800001,6289.080015312864,1267.5555726071038,5499.007160429088,10710.293195200422,7861.35520527711,1344.1745328,986.6241070752,777.5207908290001,570.7002604684861,1034.0,1105061.7231579435,43199.32531518368,108405.31815141291,CT,273.51615952732647,3065.7855243722306
27,COUNTY,TEXAS,48,CROSS TIMBERS,30,ARCHER,9.0,0.0,0.0,0.0,21000.0,7500.0,80000.0,75.6412,33.5816594,-98.7044869,885000.0,987000.0,3760000.0,0.4,0.0,0.0,0.0,0.0,0.0,0.0,0.0,0.0,0.0,0.0,0.0,0.0,5632.0,0.0,0.0,0.0,CT,0.0,0.0
28,COUNTY,TEXAS,48,CROSS TIMBERS,30,BROWN,49.0,1358.0,0.0,0.0,21500.0,2800.0,47500.0,64.5668,31.7525184,-98.9904722,330400.0,1010500.0,2232500.0,0.4,219.82543520000002,0.0,0.0,87.130009495872,0.0,0.0,148.3822666477813,108.91258371947148,0.0,0.0,0.0,0.0,3573.4,212.10349189041904,0.0,0.0,CT,1.8253766617429839,20.4602658788774
29,COUNTY,TEXAS,48,CROSS TIMBERS,30,CALLAHAN,59.0,0.0,0.0,0.0,26500.0,0.0,50000.0,88.3412,32.2810409,-99.3612437,0.0,1245500.0,2350000.0,0.4,0.0,0.0,0.0,0.0,0.0,0.0,0.0,0.0,0.0,0.0,0.0,0.0,3595.5,0.0,0.0,0.0,CT,0.0,0.0
30,COUNTY,TEXAS,48,CROSS TIMBERS,30,CLAY,77.0,2617.0,0.0,520.0,34000.0,1700.0,78000.0,80.4164,33.6856157,-98.2123296,200600.0,1598000.0,3666000.0,0.4,423.6253048,0.0,84.174688,167.908125810528,0.0,33.36347933568,285.9472693794136,209.8852957244896,0.0,0.0,4.71736044,3.46254256296,5464.6,787.6907106805589,0.0,3.9904758614512588,CT,4.216646971935008,47.263515509601184
31,COUNTY,TEXAS,48,CROSS TIMBERS,30,COMANCHE,93.0,6050.0,1060.0,781.0,38500.0,31000.0,120000.0,79.0448,31.9130171,-98.527388,3658000.0,1809500.0,5640000.0,0.4,979.34012,171.586864,126.4239064,388.17124996319995,68.01016941504,50.109379540704,661.0550170979948,485.2143825499282,72.121128,52.936907952,7.085112507000001,5.200472580138,11107.5,4209.776387522511,124.36284813861624,9.001607422066094,CT,10.606809453471197,118.88951255539145
32,COUNTY,TEXAS,48,CROSS TIMBERS,30,EASTLAND,133.0,0.0,0.0,0.0,23500.0,100.0,44500.0,69.9262,32.2978594,-98.8630896,11800.0,1104500.0,2091500.0,0.4,0.0,0.0,0.0,0.0,0.0,0.0,0.0,0.0,0.0,0.0,0.0,0.0,3207.8,0.0,0.0,0.0,CT,0.0,0.0
33,COUNTY,TEXAS,48,CROSS TIMBERS,30,ERATH,143.0,195.0,0.0,1449.0,41000.0,64000.0,185000.0,75.4634,32.1954856,-98.2213499,7552000.0,1927000.0,8695000.0,0.4,31.565507999999998,0.0,234.5560056,12.511304750879999,0.0,92.96861837961599,21.30673195605107,15.639141255741485,0.0,0.0,13.145106303000002,9.648508026402002,18174.0,4.3733828873859295,0.0,30.9852333919339,CT,2.209807976366322,24.769276218611523
34,COUNTY,TEXAS,48,CROSS TIMBERS,30,PARKER,367.0,0.0,21.0,0.0,0.0,0.0,73000.0,88.138,32.77725975,-97.80455986920202,0.0,0.0,3431000.0,0.4,0.0,3.3993624000000002,0.0,0.0,1.347371280864,0.0,0.0,0.0,1.4288147999999998,1.0487500631999997,0.0,0.0,3431.0,0.0,0.0488109790220094,0.0,CT,0.0282274741506647,0.31639586410635157
35,COUNTY,TEXAS,48,CROSS TIMBERS,30,SHACKELFORD,417.0,0.0,0.0,0.0,15400.0,0.0,30000.0,72.263,32.7088752,-99.3307616,0.0,723800.0,1410000.0,0.4,0.0,0.0,0.0,0.0,0.0,0.0,0.0,0.0,0.0,0.0,0.0,0.0,2133.8,0.0,0.0,0.0,CT,0.0,0.0
36,COUNTY,TEXAS,48,CROSS TIMBERS,30,THROCKMORTON,447.0,2681.0,0.0,0.0,17400.0,0.0,42000.0,67.564,33.1571081,-99.2017838,0.0,817800.0,1974000.0,0.4,433.9852664,0.0,0.0,172.01440019030397,0.0,0.0,292.94024807268164,215.01814208534833,0.0,0.0,0.0,0.0,2791.8,826.688519553451,0.0,0.0,CT,3.60370753323486,40.393205317577554
37,COUNTY,TEXAS,48,CROSS TIMBERS,30,WISE,497.0,0.0,16.0,904.0,40500.0,100.0,82000.0,86.4108,33.2139213,-97.6563925,11800.0,1903500.0,3854000.0,0.4,0.0,2.5899904,146.3344576,0.0,1.026568594944,58.001125614336,0.0,0.0,1.0886208,0.7990476672,8.200949688000001,6.019497070992001,5769.3,0.0,0.02833471798103041,12.060209769200268,CT,1.236632200886263,13.86115214180207
38,COUNTY,TEXAS,48,CROSS TIMBERS,30,YOUNG,503.0,777.0,0.0,0.0,0.0,0.0,38500.0,79.629,33.1508315,-98.6962766,0.0,0.0,1809500.0,0.4,125.7764088,0.0,0.0,49.85273739196799,0.0,0.0,84.89913194795734,62.31596284980069,0.0,0.0,0.0,0.0,1809.5,69.43689880916817,0.0,0.0,CT,1.0444165435745938,11.706646971935008
39,COUNTY,TEXAS,48,EAST TEXAS NORTH,51,ANDERSON,1.0,0.0,2416.0,0.0,33000.0,0.0,66000.0,117.8052,31.7819242,-95.6258199,0.0,1551000.0,3102000.0,0.45,0.0,439.9746192,0.0,0.0,174.388340066112,0.0,0.0,0.0,164.3817408,120.6561977472,0.0,0.0,4653.0,0.0,646.0599046854742,0.0,CT,3.2475036927621863,36.40059084194978
40,COUNTY,TEXAS,48,EAST TEXAS NORTH,51,BOWIE,37.0,0.0,3327.0,0.0,30500.0,2400.0,64000.0,130.1496,33.4198886,-94.4479626,283200.0,1433500.0,3008000.0,0.45,0.0,605.8756449,0.0,0.0,240.144870612564,0.0,0.0,0.0,226.36508759999998,166.15197429839998,0.0,0.0,4724.7,0.0,1225.1366467462847,0.0,CT,4.472038404726736,50.1261447562777
41,COUNTY,TEXAS,48,EAST TEXAS NORTH,51,FRANKLIN,159.0,0.0,0.0,0.0,13000.0,4400.0,35500.0,121.031,33.2002659,-95.2231752,519200.0,611000.0,1668500.0,0.45,0.0,0.0,0.0,0.0,0.0,0.0,0.0,0.0,0.0,0.0,0.0,0.0,2798.7000000000003,0.0,0.0,0.0,CT,0.0,0.0
42,COUNTY,TEXAS,48,EAST TEXAS NORTH,51,HARRISON,203.0,0.0,0.0,0.0,16100.0,0.0,28000.0,130.0988,32.5233959,-94.3982158,0.0,756700.0,1316000.0,0.45,0.0,0.0,0.0,0.0,0.0,0.0,0.0,0.0,0.0,0.0,0.0,0.0,2072.7,0.0,0.0,0.0,CT,0.0,0.0
43,COUNTY,TEXAS,48,EAST TEXAS NORTH,51,HOPKINS,223.0,715.0,0.0,0.0,47000.0,28000.0,125000.0,121.1326,33.1368252,-95.5656578,3304000.0,2209000.0,5875000.0,0.45,130.2077205,0.0,0.0,51.60913209738,0.0,0.0,78.12468383885394,57.343517937718794,0.0,0.0,0.0,0.0,11388.0,58.797703263744175,0.0,0.0,CT,0.9610782865583457,10.772525849335304
44,COUNTY,TEXAS,48,EAST TEXAS NORTH,51,HOUSTON,225.0,0.0,0.0,0.0,42500.0,0.0,70000.0,115.5192,29.7589382,-95.3676974,0.0,1997500.0,3290000.0,0.45,0.0,0.0,0.0,0.0,0.0,0.0,0.0,0.0,0.0,0.0,0.0,0.0,5287.5,0.0,0.0,0.0,CT,0.0,0.0
45,COUNTY,TEXAS,48,EAST TEXAS SOUTH,52,BRAZOS,41.0,11527.0,1788.0,1428.0,30500.0,0.0,64000.0,100.7618,30.6993189,-96.3497772,0.0,1433500.0,3008000.0,0.45,2099.1669849,325.6103556,260.0512236,832.0258261349638,129.058920545616,103.073902986096,1259.501021832824,924.4737500252929,121.65337439999999,89.2935768096,6.4772652,4.7543126568,4441.5,15282.023558868656,353.84572906698145,15.046731454775683,CT,19.817031019202364,222.12496307237816
46,COUNTY,TEXAS,48,EAST TEXAS SOUTH,52,FREESTONE,161.0,0.0,0.0,0.0,36000.0,0.0,70000.0,107.4674,31.6924428,-96.1629601,0.0,1692000.0,3290000.0,0.45,0.0,0.0,0.0,0.0,0.0,0.0,0.0,0.0,0.0,0.0,0.0,0.0,4982.0,0.0,0.0,0.0,CT,0.0,0.0
47,COUNTY,TEXAS,48,EAST TEXAS SOUTH,52,GRIMES,185.0,0.0,0.0,0.0,0.0,0.0,58000.0,113.538,30.5169334,-95.9943034,0.0,0.0,2726000.0,0.45,0.0,0.0,0.0,0.0,0.0,0.0,0.0,0.0,0.0,0.0,0.0,0.0,2726.0,0.0,0.0,0.0,CT,0.0,0.0
48,COUNTY,TEXAS,48,EAST TEXAS SOUTH,52,MADISON,313.0,0.0,2749.0,0.0,29000.0,0.0,46000.0,111.76,30.9551586,-95.9507234,0.0,1363000.0,2162000.0,0.45,0.0,500.6168163,0.0,0.0,198.424481308668,0.0,0.0,0.0,187.03866119999998,137.28637732079997,0.0,0.0,3525.0,0.0,836.4277035834562,0.0,CT,3.6951107828655836,41.417725258493356
49,COUNTY,TEXAS,48,EAST TEXAS SOUTH,52,ROBERTSON,395.0,12309.0,19593.0,3746.0,0.0,0.0,95000.0,99.1362,31.0339058,-96.5079742,0.0,0.0,4465000.0,0.4,1992.5119896,3171.6051192,606.3815024,789.7520521978561,1257.097405046112,240.34537229126406,1344.946480241193,987.1907164970356,1333.0842083999999,978.4838089655999,33.983138862000004,24.943623924708003,4465.0,17425.844003889506,42489.42031788995,207.08733865912941,CT,47.9168094534712,537.0895125553915
50,COUNTY,TEXAS,48,EAST TEXAS SOUTH,52,SAN JACINTO,407.0,0.0,0.0,0.0,8900.0,0.0,14300.0,131.4958,30.5083577,-95.1902362,0.0,418300.0,672100.0,0.45,0.0,0.0,0.0,0.0,0.0,0.0,0.0,0.0,0.0,0.0,0.0,0.0,1090.4,0.0,0.0,0.0,CT,0.0,0.0
51,COUNTY,TEXAS,48,EAST TEXAS SOUTH,52,WALKER,471.0,0.0,0.0,0.0,21500.0,0.0,38500.0,123.2154,30.6795741,-95.5522823,0.0,1010500.0,1809500.0,0.45,0.0,0.0,0.0,0.0,0.0,0.0,0.0,0.0,0.0,0.0,0.0,0.0,2820.0,0.0,0.0,0.0,CT,0.0,0.0
52,COUNTY,TEXAS,48,EAST TEXAS SOUTH,52,WALLER,473.0,0.0,4399.0,1672.0,30500.0,0.0,48000.0,97.028,29.9443902,-95.9955885,0.0,1433500.0,2256000.0,0.4,0.0,712.0854856000001,270.6539968,0.0,282.2422030724161,107.276418171648,0.0,0.0,299.3026812,219.6881680008,15.168128184000002,11.133406087056002,3689.5,0.0,2141.8391520673185,41.256325705101176,CT,8.16042836041359,91.4685376661743
53,COUNTY,TEXAS,48,EDWARDS PLATEAU,70,BLANCO,31.0,0.0,0.0,0.0,11000.0,0.0,19400.0,88.265,30.2419274,-98.4004594,0.0,517000.0,911800.0,0.4,0.0,0.0,0.0,0.0,0.0,0.0,0.0,0.0,0.0,0.0,0.0,0.0,1428.8,0.0,0.0,0.0,CT,0.0,0.0
54,COUNTY,TEXAS,48,EDWARDS PLATEAU,70,BURNET,53.0,0.0,0.0,0.0,16500.0,0.0,27000.0,97.79,30.7763939,-98.1700016,0.0,775500.0,1269000.0,0.4,0.0,0.0,0.0,0.0,0.0,0.0,0.0,0.0,0.0,0.0,0.0,0.0,2044.5,0.0,0.0,0.0,CT,0.0,0.0
55,COUNTY,TEXAS,48,EDWARDS PLATEAU,70,COKE,81.0,996.0,0.0,0.0,9000.0,0.0,14600.0,58.42,31.8695226,-100.5474369,0.0,423000.0,686200.0,0.4,161.2269024,0.0,0.0,63.90389503526399,0.0,0.0,108.82823091398394,79.87992149086422,0.0,0.0,0.0,0.0,1109.2,114.09509003058619,0.0,0.0,CT,1.3387887740029543,15.006203840472674
56,COUNTY,TEXAS,48,EDWARDS PLATEAU,70,CONCHO,95.0,23660.0,543.0,5677.0,11800.0,0.0,28500.0,64.77,31.3102947,-99.8507578,0.0,554600.0,1339500.0,0.4,3829.948304,87.89779920000001,918.9609688,1518.03830977344,34.839171690912,364.23936959356803,2585.21681066753,1897.549139029967,36.9450684,27.1176802056,51.500875419,37.801642557546,1894.1000000000001,64383.97100523178,32.634622117143884,475.6152697093551,CT,40.16366322008863,450.18611521418023
57,COUNTY,TEXAS,48,EDWARDS PLATEAU,70,IRION,235.0,0.0,0.0,0.0,6700.0,0.0,13700.0,50.546,31.2931196,-100.980073,0.0,314900.0,643900.0,0.4,0.0,0.0,0.0,0.0,0.0,0.0,0.0,0.0,0.0,0.0,0.0,0.0,958.8000000000001,0.0,0.0,0.0,CT,0.0,0.0
58,COUNTY,TEXAS,48,EDWARDS PLATEAU,70,KINNEY,271.0,0.0,0.0,0.0,6100.0,0.0,11300.0,57.8866,29.326416,-100.4165707,0.0,286700.0,531100.0,0.4,0.0,0.0,0.0,0.0,0.0,0.0,0.0,0.0,0.0,0.0,0.0,0.0,817.8000000000001,0.0,0.0,0.0,CT,0.0,0.0
59,COUNTY,TEXAS,48,EDWARDS PLATEAU,70,LLANO,299.0,0.0,0.0,0.0,19700.0,0.0,36500.0,69.4182,30.6663312,-98.6970374,0.0,925900.0,1715500.0,0.4,0.0,0.0,0.0,0.0,0.0,0.0,0.0,0.0,0.0,0.0,0.0,0.0,2641.4,0.0,0.0,0.0,CT,0.0,0.0
60,COUNTY,TEXAS,48,EDWARDS PLATEAU,70,MCCULLOCH,307.0,5535.0,900.0,1013.0,16200.0,0.0,31000.0,70.1802,31.1699604,-99.3885277,0.0,761400.0,1457000.0,0.4,895.974804,145.68696,163.97876720000002,355.12857331344,57.7444834656,64.994624167392,604.7833916756035,443.911009489893,61.234919999999995,44.94643128,9.189781011,6.745299262074001,2218.4,3523.5750729547667,89.652818611854,15.143870651884532,CT,10.011344165435746,112.21506646971936
61,COUNTY,TEXAS,48,EDWARDS PLATEAU,70,REAGAN,383.0,28866.0,4020.0,1820.0,6900.0,0.0,22500.0,47.7266,31.3458428,-101.5295291,0.0,324300.0,1057500.0,0.4,4672.6664304000005,650.735088,294.611408,1852.0580663533444,257.92535947967997,116.77217767487998,3154.051921248052,2315.0741101960703,273.51597599999997,200.76072638399998,16.51076154,12.11889897036,1381.8,95834.41433146426,1788.6733455493895,48.88332930277792,CT,46.650605612998525,522.8968980797637
62,COUNTY,TEXAS,48,EDWARDS PLATEAU,70,SAN SABA,411.0,0.0,0.0,0.0,25500.0,0.0,56000.0,70.4088,31.122268,-98.8397049,0.0,1198500.0,2632000.0,0.4,0.0,0.0,0.0,0.0,0.0,0.0,0.0,0.0,0.0,0.0,0.0,0.0,3830.5,0.0,0.0,0.0,CT,0.0,0.0
63,COUNTY,TEXAS,48,EDWARDS PLATEAU,70,SCHLEICHER,413.0,9935.0,0.0,1052.0,10900.0,0.0,18500.0,48.26,30.8791222,-100.5418961,0.0,512300.0,869500.0,0.4,1608.222164,0.0,170.2918688,637.43493692304,0.0,67.496885117568,1085.5506768377816,796.7941967989317,0.0,0.0,9.543583044000002,7.0049899542960015,1381.8,11352.304234784762,0.0,16.332380169273502,CT,14.768345642540622,165.5353028064993
64,COUNTY,TEXAS,48,EDWARDS PLATEAU,70,TOM GREEN,451.0,54377.0,2677.0,12256.0,0.0,0.0,40500.0,53.1114,31.3782559,-100.4133839,0.0,0.0,1903500.0,0.4,8802.244248800002,433.3377688,1983.9326464,3488.8575304543688,171.757758041568,786.3515437271041,5941.518787559945,4361.074790068999,182.1398676,133.6906628184,111.18455683200001,81.60946471468802,1903.5,340078.1786139797,793.18715302453,2216.7438149696522,CT,93.16410635155097,1044.2570162481536
65,COUNTY,TEXAS,48,EDWARDS PLATEAU,70,UPTON,461.0,34569.0,600.0,1577.0,0.0,0.0,4700.0,36.703,31.3720387,-102.0386055,0.0,0.0,220900.0,0.4,5595.8361336,97.12464,255.27592880000003,2217.965609913696,38.4963223104,101.18116713916801,3777.191881993485,2772.458841383218,40.82328,29.964287519999996,14.306302719000001,10.500826195746,220.9,137442.77394645297,39.84569716082401,36.70129490992278,CT,49.39270310192024,553.6324963072378
66,COUNTY,TEXAS,48,EDWARDS PLATEAU,70,UVALDE,463.0,10821.0,15165.0,6354.0,0.0,0.0,43500.0,59.182,29.300357,-99.7733181,0.0,0.0,2044500.0,0.4,1751.6428824000002,2454.825276,1028.5499376,694.2811728680641,972.9945463953599,407.676053267136,1182.359725622711,867.85203860707,1031.808402,757.3473670679999,57.64251583800001,42.30960662509201,2044.5,13467.378701492868,25454.45239232412,595.8163570441714,CT,43.47031019202364,487.2496307237814
67,COUNTY,TEXAS,48,LOWER VALLEY,97,CAMERON,61.0,62127.0,29631.0,50269.0,8600.0,0.0,13500.0,69.977,26.1291189,-97.4134281,0.0,404200.0,634500.0,0.4,10056.7708488,4796.5003464,8137.2642136,3986.1016936303677,1901.140877299104,3225.2860437024956,6788.324801197872,4982.630404079238,2016.0576827999998,1479.7863391752,456.03267684300005,334.727984802762,1038.7,443924.4284316807,97178.80316547798,37292.24189765163,CT,190.90778434268836,2139.8454948301332
68,COUNTY,TEXAS,48,LOWER VALLEY,97,HIDALGO,215.0,61267.0,41516.0,84012.0,16500.0,0.0,30500.0,57.4294,26.3530256,-98.216445,0.0,775500.0,1433500.0,0.4,9917.558864800001,6720.3775904,13599.3920928,3930.9236316521287,2663.688861730944,5390.255049902208,6694.356650007082,4913.657781105198,2824.6988208,2073.3289344672,762.1440101640001,559.413703460376,2209.0,431719.34443732834,190769.93672654775,104159.92253093676,CT,251.0833825701625,2814.341211225997
69,COUNTY,TEXAS,48,LOWER VALLEY,97,STARR,427.0,5400.0,6317.0,16162.0,0.0,0.0,46000.0,54.8894,26.5630409,-98.7479897,0.0,0.0,2162000.0,0.4,874.12176,1022.5605848,2616.2140528,346.46690079359996,405.30211339132796,1036.9626019678078,590.0325772444912,433.0839116974566,429.8010996,315.4740071064,146.619191214,107.61848635107602,2162.0,3353.7894805042397,4416.728289031758,3854.856410672314,CT,37.473988183161005,420.03810930576077
70,COUNTY,TEXAS,48,LOWER VALLEY,97,WILLACY,489.0,69082.0,16838.0,85065.0,6100.0,0.0,10800.0,71.0438,26.4553947,-97.5947484,0.0,286700.0,507600.0,0.4,11182.6073008,2725.6411472000004,13769.845836,4432.338229745088,1080.335125104192,5457.81609555696,7548.26490763036,5540.426442200684,1145.6373144,840.8977887696,771.696665055,566.42535215037,794.3000000000001,548880.85560091,31380.505805535024,106787.35102446341,CT,229.8321270310192,2576.1403249630725
71,COUNTY,TEXAS,48,NORTHERN HIGH PLAINS,11,ARMSTRONG,11.0,5878.0,3790.0,7194.0,0.0,0.0,33000.0,56.8706,34.9295608,-101.3449139,0.0,0.0,1551000.0,0.4,951.4977232000001,613.503976,1164.5244336,377.135637567552,243.16843592735998,461.570904501696,642.2613868598369,471.4198579551202,257.867052,189.274416168,65.262867318,47.902944611412,1551.0,3973.8131447641367,1589.8543849660891,763.7634437882209,CT,22.665317577548006,254.05081240768098
72,COUNTY,TEXAS,48,NORTHERN HIGH PLAINS,11,BRISCOE,45.0,35180.0,0.0,3574.0,11100.0,0.0,22000.0,48.6918,34.4795161,-101.1875029,0.0,521700.0,1034000.0,0.4,5694.741392,0.0,578.5391056000001,2257.16769813312,0.0,229.309759895616,3843.952975455778,2821.4614839845412,0.0,0.0,32.422781178,23.798321384652002,1555.7,142344.2566478469,0.0,188.50683300601693,CT,52.09178729689808,583.8859675036928
73,COUNTY,TEXAS,48,NORTHERN HIGH PLAINS,11,CARSON,65.0,83179.0,30309.0,34031.0,0.0,0.0,20000.0,56.4134,35.3636563,-101.3353895,0.0,0.0,940000.0,0.4,13464.5507176,4906.2511896,5508.7477064,5336.8093224279355,1944.6417215098559,2183.4472409087043,9088.57773011473,6671.016053904212,2062.1879891999997,1513.6459840727998,308.72402525700005,226.60343453863806,940.0,795748.2061243537,101676.86438087192,17090.99798003291,CT,198.28994091580503,2222.5905465288038
74,COUNTY,TEXAS,48,NORTHERN HIGH PLAINS,11,CASTRO,69.0,48683.0,44464.0,9714.0,15900.0,52000.0,465000.0,50.0634,34.4952536,-102.2592314,6136000.0,747300.0,21855000.0,0.4,7880.5314152,7197.583321600001,1572.4479216000002,3123.5274317286717,2852.834125349377,623.255458205376,5319.362214443253,3904.4118654013473,3025.2772032,2220.5534671488,88.12392175800001,64.68295857037201,28738.3,272585.62200413033,218824.52174733882,1392.5609067351627,CT,138.26220088626295,1549.752141802068
75,COUNTY,TEXAS,48,NORTHERN HIGH PLAINS,11,DALLAM,111.0,23513.0,83958.0,14457.0,14300.0,14400.0,240000.0,47.1678,36.3127064,-102.616685,1699200.0,672100.0,11280000.0,0.4,3806.1527672,13590.6508752,2340.2182008,1508.606710807392,5386.790380894272,927.568886069088,2569.15481273143,1885.7596325448699,5712.401570399999,4192.9027526736,131.15169207900001,96.26534198598601,13651.300000000001,63586.41881932361,780194.8839317145,3084.426053479162,CT,163.89140324963074,1837.024519940916
76,COUNTY,TEXAS,48,NORTHERN HIGH PLAINS,11,DEAF SMITH,117.0,40008.0,31879.0,41104.0,17700.0,47500.0,600000.0,47.371,34.9323974,-102.5983118,5605000.0,831900.0,28200000.0,0.4,6476.2709952000005,5160.3939976,6653.685337600001,2566.934771657472,2045.373764888736,2637.254720411136,4371.485805629186,3208.6705813318226,2169.0089052,1592.0525364168,372.88919908800005,273.700672130592,34636.9,184094.98658151,112483.36720756246,24933.66812955969,CT,151.8785967503693,1702.3754800590843
77,COUNTY,TEXAS,48,NORTHERN HIGH PLAINS,11,FLOYD,153.0,193793.0,12016.0,7751.0,5400.0,0.0,57000.0,53.213,34.0266015,-101.2765537,0.0,253800.0,2679000.0,0.4,31370.125599199997,1945.0827904000002,1254.6884744,12433.86298249891,770.953014802944,497.3083237131839,21174.84874850772,15542.338981404666,817.5542207999999,600.0847980672,70.315886097,51.61186039519801,2932.8,4319410.207094199,15980.809276019127,886.611733708375,CT,287.0599704579025,3217.595273264402
78,COUNTY,TEXAS,48,NORTHERN HIGH PLAINS,11,GRAY,179.0,28185.0,5117.0,3743.0,10900.0,10300.0,81000.0,57.7596,35.3711816,-100.7892236,1215400.0,512300.0,3807000.0,0.4,4562.429964,828.3113048,605.8958792,1808.3647405310398,328.30946877052804,240.152890679712,3079.6422573399973,2260.457416887558,348.15453959999996,255.5454320664,33.955923321,24.923647717614,5534.7,91365.94633670499,2898.0759512422183,206.75577792991626,CT,49.79460856720828,558.1373707533236
79,COUNTY,TEXAS,48,NORTHERN HIGH PLAINS,11,HALE,189.0,211914.0,32612.0,15373.0,6500.0,26500.0,135000.0,50.546,34.0321298,-101.8088827,3127000.0,305500.0,6345000.0,0.4,34303.4516016,5279.0479328,2488.4951512000002,13596.516076810176,2092.403438644608,986.3399381296321,23154.845106331315,16995.656308047186,2218.8813456,1628.6589076704,139.461503931,102.36474388535402,9777.5,5164967.305788491,117715.53923854537,3487.668952042532,CT,349.3472525849335,3915.7604135893653
80,COUNTY,TEXAS,48,NORTHERN HIGH PLAINS,11,HANSFORD,195.0,62209.0,56399.0,7662.0,0.0,0.0,255000.0,51.562,36.2563401,-101.3621472,0.0,0.0,11985000.0,0.4,10070.044549600001,9129.554285600001,1240.2816528,3991.362857679456,3618.590136640416,491.598035903808,6797.284555148622,4989.2068634790885,3837.3202812,2816.5930864008,69.508491714,51.01923291807601,11985.0,445097.0530903066,352064.095238613,866.367786976582,CT,169.7277695716396,1902.443131462334
81,COUNTY,TEXAS,48,NORTHERN HIGH PLAINS,11,HARTLEY,205.0,25288.0,67135.0,8972.0,9100.0,61000.0,400000.0,43.688,35.8418438,-102.6145811,7198000.0,427700.0,18800000.0,0.4,4093.4798272000003,10867.437844,1452.3371168,1622.491664308992,4307.41766384784,575.648339614848,2763.100706177536,2028.1159183343113,4567.784838,3352.754071092,81.39261128400001,59.742176682456005,26425.7,73549.07992280801,498857.9705678028,1187.945538004645,CT,136.29165435745938,1527.6646971935008
82,COUNTY,TEXAS,48,NORTHERN HIGH PLAINS,11,HEMPHILL,211.0,0.0,0.0,0.0,13800.0,0.0,66000.0,55.0672,35.8293476,-100.2564532,0.0,648600.0,3102000.0,0.4,0.0,0.0,0.0,0.0,0.0,0.0,0.0,0.0,0.0,0.0,0.0,0.0,3750.6,0.0,0.0,0.0,CT,0.0,0.0
83,COUNTY,TEXAS,48,NORTHERN HIGH PLAINS,11,HUTCHINSON,233.0,22744.0,9354.0,2863.0,8300.0,0.0,24500.0,55.8292,35.8148236,-101.34844,0.0,390100.0,1151500.0,0.4,3681.6713536,1514.1731376,463.4464072,1459.267257712896,600.1576648191359,183.691617957792,2485.1298031201313,1824.0852754901766,636.4349351999999,467.14324243679994,25.972697961,19.063960303374003,1541.6000000000001,59495.205905751674,9684.420988113668,120.96526936535494,CT,46.99336779911374,526.738847858198
84,COUNTY,TEXAS,48,NORTHERN HIGH PLAINS,11,LIPSCOMB,295.0,2615.0,10221.0,11595.0,0.0,0.0,44500.0,57.3278,36.2695629,-100.2711772,0.0,0.0,2091500.0,0.4,423.301556,1654.5182424,1876.933668,167.77980473616,655.784850557664,743.94142864848,285.728738795249,209.72489427571278,695.4245748,510.44163790319993,105.188065965,77.20804041831,2091.5,786.4872109163614,11562.871670078539,1984.081495853734,CT,32.83930576070901,368.08892171344166
85,COUNTY,TEXAS,48,NORTHERN HIGH PLAINS,11,MOORE,341.0,33846.0,46530.0,20873.0,6300.0,47500.0,135000.0,45.085,35.8156121,-101.9104355,5605000.0,296100.0,6345000.0,0.4,5478.8009424,7532.015832,3378.8043512000004,2171.577541529664,2985.38979517152,1339.2228926416321,3698.1930758179724,2714.473717650392,3165.845364,2323.730497176,189.35666243100002,138.987790224354,12246.1,131753.7480965151,239632.12233943847,6429.656135503675,CT,136.09540620384047,1525.4649926144757
86,COUNTY,TEXAS,48,NORTHERN HIGH PLAINS,11,OCHILTREE,357.0,44115.0,22857.0,41040.0,8300.0,0.0,85000.0,53.0352,36.2559217,-100.8138152,0.0,390100.0,3995000.0,0.4,7141.089156,3699.9631608000004,6643.325376,2830.44209787216,1466.5173984146882,2633.14844603136,4820.238360211247,3538.054956395055,1555.1628515999998,1141.4895330744,372.30860088000003,273.27451304592006,4385.1,223831.31473473215,57825.23224114788,24856.0838338998,CT,145.18599704579026,1627.3595273264402
87,COUNTY,TEXAS,48,NORTHERN HIGH PLAINS,11,OLDHAM,359.0,1161.0,0.0,6321.0,12100.0,0.0,88000.0,46.1772,35.3907651,-102.6193428,0.0,568700.0,4136000.0,0.4,187.93617840000002,0.0,1023.2080824,74.490383670624,0.0,405.55875554006394,126.85700410756563,93.11304101495317,0.0,0.0,57.34314488700001,42.08986834705801,4704.7,155.02891873630847,0.0,589.6435896959889,CT,10.05704579025111,112.72732644017726
88,COUNTY,TEXAS,48,NORTHERN HIGH PLAINS,11,PARMER,369.0,52217.0,24624.0,22413.0,7300.0,54000.0,340000.0,46.6852,34.4901153,-102.768021,6372000.0,343100.0,15980000.0,0.4,8452.5955448,3985.9952256,3628.0909272000004,3350.270770136928,1579.8890676188162,1438.030119904992,5705.505756662148,4187.841225390017,1675.3874111999999,1229.7343598208,203.32730681100003,149.24224319927401,22695.100000000002,313597.15373361896,67111.37456714812,7413.409377862107,CT,133.41379615952732,1495.4073855243723
89,COUNTY,TEXAS,48,NORTHERN HIGH PLAINS,11,POTTER,375.0,0.0,0.0,1217.0,6400.0,0.0,27500.0,50.0634,35.3683354,-101.8776577,0.0,300800.0,1292500.0,0.4,0.0,0.0,197.0011448,0.0,0.0,78.083373752928,0.0,0.0,0.0,0.0,11.040437799000001,8.103681344466002,1593.3,0.0,0.0,21.857433073820207,CT,1.6358493353028065,18.33589364844904
90,COUNTY,TEXAS,48,NORTHERN HIGH PLAINS,11,RANDALL,381.0,8060.0,4118.0,12414.0,10200.0,0.0,215000.0,48.7426,34.9444713,-101.8850309,0.0,479400.0,10105000.0,0.4,1304.707664,666.5987792,2009.5088016000002,517.1339297030399,264.213092123712,796.488908602176,880.6782541834442,646.4178385706481,280.1837784,205.6548933456,112.617908658,82.66154495497202,10584.4,7471.681697382894,1876.945289389637,2274.267173850261,CT,33.05571639586411,370.514623338257
91,COUNTY,TEXAS,48,NORTHERN HIGH PLAINS,11,ROBERTS,393.0,0.0,0.0,0.0,10000.0,0.0,20500.0,59.182,35.8309752,-100.8058034,0.0,470000.0,963500.0,0.4,0.0,0.0,0.0,0.0,0.0,0.0,0.0,0.0,0.0,0.0,0.0,0.0,1433.5,0.0,0.0,0.0,CT,0.0,0.0
92,COUNTY,TEXAS,48,NORTHERN HIGH PLAINS,11,SHERMAN,421.0,40929.0,105588.0,24168.0,0.0,0.0,210000.0,45.4406,36.2452294,-101.8858689,0.0,0.0,9870000.0,0.4,6625.3573176,17091.994147200003,3912.1804992,2626.0266264039356,6774.582800184193,1550.6318626629122,4472.119139636997,3282.535448493556,7184.080814399999,5273.1153177696,219.24839829600003,160.92832434926402,9870.0,192668.42458247265,1233979.817483951,8619.844381410438,CT,229.42887740029545,2571.6203840472676
93,COUNTY,TEXAS,48,NORTHERN HIGH PLAINS,11,SWISHER,437.0,100398.0,6182.0,18019.0,11900.0,0.0,220000.0,52.6034,34.47235,-101.7119955,0.0,559300.0,10340000.0,0.4,16251.866011200002,1000.7075408000001,2916.8148136,6441.589612199232,396.640440871488,1156.108719518496,10970.01679448008,8051.9923271483785,420.61586159999996,308.7320424144,163.465611093,119.98375854226201,10899.300000000001,1159306.8484691153,4229.966525726831,4791.586927371401,CT,167.48166912850814,1877.2670605613
94,COUNTY,TEXAS,48,NORTHERN LOW PLAINS,21,BORDEN,33.0,57646.0,0.0,0.0,0.0,0.0,13400.0,49.9872,32.6879416,-101.425711,0.0,0.0,629800.0,0.4,9331.4116624,0.0,0.0,3698.5983265088635,0.0,0.0,6298.707027377026,4623.250958094738,0.0,0.0,0.0,0.0,629.8000000000001,382196.4363741898,0.0,0.0,CT,77.48576070901035,868.5217134416545
95,COUNTY,TEXAS,48,NORTHERN LOW PLAINS,21,CHILDRESS,75.0,36586.0,0.0,1875.0,8000.0,0.0,14500.0,57.531,34.519656850000004,-100.20676557187427,0.0,376000.0,681500.0,0.4,5922.336798400001,0.0,303.5145,2347.377413413824,0.0,120.30100721999999,3997.57997612351,2934.2237024746564,0.0,0.0,17.009713125,12.48512943375,1057.5,153949.4489158908,0.0,51.882458211592386,CT,51.69794682422452,579.4714918759232
96,COUNTY,TEXAS,48,NORTHERN LOW PLAINS,21,COLLINGSWORTH,87.0,58681.0,0.0,954.0,10200.0,0.0,20000.0,57.912,34.9487017,-100.2669137,0.0,479400.0,940000.0,0.4,9498.9516664,0.0,154.4281776,3765.0044824943047,0.0,61.209152473535994,6411.79660468222,4706.258707836751,0.0,0.0,8.654542038,6.352433855892001,1419.4,396043.8656715172,0.0,13.431197962724017,CT,80.15930576070902,898.4889217134418
97,COUNTY,TEXAS,48,NORTHERN LOW PLAINS,21,COTTLE,101.0,28417.0,0.0,0.0,10200.0,0.0,21500.0,61.2394,34.0573118,-100.283259,0.0,479400.0,1010500.0,0.4,4599.984824800001,0.0,0.0,1823.2499851577281,0.0,0.0,3104.991805103094,2279.063984945671,0.0,0.0,0.0,0.0,1489.9,92876.26309201076,0.0,0.0,CT,38.19714918759232,428.1438700147711
98,COUNTY,TEXAS,48,NORTHERN LOW PLAINS,21,DICKENS,125.0,35951.0,0.0,1074.0,12600.0,0.0,25000.0,47.4472,33.6170056,-100.7614115,0.0,592200.0,1175000.0,0.4,5819.546554400001,0.0,173.8531056,2306.635472301984,0.0,68.90841693561599,3928.1965156512415,2883.296242488011,0.0,0.0,9.743163678,7.151482139652001,1767.2,148651.81926936962,0.0,17.022626238030153,CT,49.76772525849336,557.8360413589365
99,COUNTY,TEXAS,48,NORTHERN LOW PLAINS,21,DONLEY,129.0,16579.0,1684.0,941.0,14600.0,0.0,57000.0,60.6806,34.9315007,-100.8145306,0.0,686200.0,2679000.0,0.4,2683.7156776,272.5964896,152.3238104,1063.717545973536,108.046344617856,60.375065490143996,1811.5092774326704,1329.6478096355802,114.5773392,84.0997669728,8.536608027000002,6.265870291818001,3365.2000000000003,31612.943972671517,313.87960935473814,13.067642589769688,CT,25.813353028064995,289.33648449039885
100,COUNTY,TEXAS,48,NORTHERN LOW PLAINS,21,FOARD,155.0,0.0,0.0,0.0,11500.0,0.0,21000.0,67.056,33.9502317,-99.7310158,0.0,540500.0,987000.0,0.4,0.0,0.0,0.0,0.0,0.0,0.0,0.0,0.0,0.0,0.0,0.0,0.0,1527.5,0.0,0.0,0.0,CT,0.0,0.0
101,COUNTY,TEXAS,48,NORTHERN LOW PLAINS,21,GARZA,169.0,41001.0,0.0,0.0,7400.0,0.0,11800.0,54.0766,33.1414018,-101.287742,0.0,347800.0,554600.0,0.4,6637.0122744,0.0,0.0,2630.6461850811843,0.0,0.0,4479.986240666924,3288.309900649522,0.0,0.0,0.0,0.0,902.4,193346.88377293613,0.0,0.0,CT,55.112127031019206,617.7403249630725
102,COUNTY,TEXAS,48,NORTHERN LOW PLAINS,21,HALL,191.0,105031.0,1461.0,0.0,12700.0,0.0,30000.0,57.1754,34.5036637,-100.6536777,0.0,596900.0,1410000.0,0.4,17001.8301064,236.4984984,0.0,6738.845380972704,93.738544825824,0.0,11476.242892697435,8423.562283239917,99.4046868,72.9630401112,0.0,0.0,2006.9,1268771.1047691703,236.2541037483867,0.0,CT,143.14286558345643,1604.4584933530282
103,COUNTY,TEXAS,48,NORTHERN LOW PLAINS,21,HARDEMAN,197.0,3633.0,0.0,0.0,0.0,0.0,17800.0,67.9704,34.2510707,-99.7322571,0.0,0.0,836600.0,0.4,588.0896952,0.0,0.0,233.095231589472,0.0,0.0,396.9608061350438,291.3692317031222,0.0,0.0,0.0,0.0,836.6,1518.0255255365919,0.0,0.0,CT,4.883353028064993,54.73648449039882
104,COUNTY,TEXAS,48,NORTHERN LOW PLAINS,21,KENT,263.0,2043.0,0.0,0.0,10100.0,0.0,17300.0,58.2676,33.1665316,-100.7846477,0.0,474700.0,813100.0,0.4,330.7093992,0.0,0.0,131.079977466912,0.0,0.0,223.22899172416584,163.85007992553773,0.0,0.0,0.0,0.0,1287.8,480.04838372473034,0.0,0.0,CT,2.7461299852289516,30.780797636632204
105,COUNTY,TEXAS,48,NORTHERN LOW PLAINS,21,KING,269.0,0.0,0.0,0.0,13500.0,0.0,25500.0,63.5,33.588178,-100.2178972,0.0,634500.0,1198500.0,0.4,0.0,0.0,0.0,0.0,0.0,0.0,0.0,0.0,0.0,0.0,0.0,0.0,1833.0,0.0,0.0,0.0,CT,0.0,0.0
106,COUNTY,TEXAS,48,NORTHERN LOW PLAINS,21,MOTLEY,345.0,6243.0,0.0,0.0,11900.0,0.0,22500.0,58.166,34.0395459,-100.7744062,0.0,559300.0,1057500.0,0.4,1010.5818792000001,0.0,0.0,400.55423363971204,0.0,0.0,682.1432184698813,500.69312235689284,0.0,0.0,0.0,0.0,1616.8,4482.651211877135,0.0,0.0,CT,8.391624815361892,94.05997045790252
107,COUNTY,TEXAS,48,NORTHERN LOW PLAINS,21,WHEELER,483.0,13243.0,962.0,0.0,21000.0,0.0,60000.0,61.7728,35.3921902,-100.2632764,0.0,987000.0,2820000.0,0.4,2143.7026792,155.72317280000001,0.0,849.677993927712,61.722436771008006,0.0,1447.0002630460735,1062.098193075818,65.4533256,48.0427409904,0.0,0.0,3807.0,20170.703088411403,102.43044823139336,0.0,CT,19.09387001477105,214.0192023633678
108,COUNTY,TEXAS,48,NORTHERN LOW PLAINS,21,WICHITA,485.0,20282.0,689.0,4765.0,15300.0,0.0,40000.0,73.2282,33.9516534,-98.7088886,0.0,719100.0,1880000.0,0.4,3283.1365808,111.5314616,771.331516,1301.304015165888,44.206610119776,305.72495968175997,2216.1186540134763,1626.6310920458916,46.8787332,34.4089901688,43.227350955000006,31.728875600970003,2599.1,47311.83965351273,52.54330333856538,335.07637681701067,CT,34.59344165435746,387.75066469719354
109,COUNTY,TEXAS,48,NORTHERN LOW PLAINS,21,WILBARGER,487.0,50100.0,191.0,2254.0,0.0,0.0,43500.0,72.517,34.0265157,-99.2085961,0.0,0.0,2044500.0,0.4,8109.90744,30.9180104,364.8648976,3214.4429129184,12.254662602143998,144.617850812736,5474.19113332389,4018.0562918597357,12.9954108,9.5386315272,20.447943138000003,15.008790263292001,2044.5,288684.67537587264,4.037807994788946,74.97661413356845,CT,70.62917282127032,791.6676514032497
110,COUNTY,TEXAS,48,SOUTH CENTRAL,81,AUSTIN,15.0,2857.0,6522.0,853.0,40000.0,0.0,64000.0,103.3272,30.2711286,-97.7436995,0.0,1880000.0,3008000.0,0.45,520.2845559,1187.7129414,155.33872110000001,206.219986576524,470.76190145330406,61.57005549519601,312.1709394791688,229.1334695777099,443.74905359999997,325.7118053424,3.8691226999999997,2.8399360618,4888.0,938.7906581396554,4708.044054861765,5.368881487437072,CT,13.753500738552438,154.16011816838997
111,COUNTY,TEXAS,48,SOUTH CENTRAL,81,BEE,25.0,14210.0,9996.0,10068.0,18400.0,0.0,31000.0,85.0392,28.3871179,-97.7191838,0.0,864800.0,1457000.0,0.4,2300.235224,1618.0965024,1629.7514592,911.72123338464,641.348729691264,645.9682883685119,1552.6598004896705,1139.6522935594182,680.1158448,499.2050300832,91.33535559600001,67.04015100746402,2321.8,23223.968533617495,11059.396382890804,1495.906380462585,CT,46.06992614475628,516.3881831610045
112,COUNTY,TEXAS,48,SOUTH CENTRAL,81,BEXAR,29.0,645.0,8829.0,6230.0,0.0,0.0,41500.0,83.6168,29.4263987,-98.5104781,0.0,0.0,1950500.0,0.4,104.408988,1429.1890776,1008.4775119999999,41.38354648367999,566.473382797536,399.72014665631997,70.476113393092,51.729467230529536,600.7145651999999,440.9244908568,56.517606810000004,41.48392339854001,1950.5,47.84843170873718,8627.837617212244,572.788241726781,CT,21.10877400295421,236.60384047267357
113,COUNTY,TEXAS,48,SOUTH CENTRAL,81,BURLESON,51.0,9262.0,8618.0,2802.0,34500.0,0.0,57000.0,71.9328,30.4764878,-96.6353488,0.0,1621500.0,2679000.0,0.4,1499.2806928,1395.0335792,453.57206879999995,594.254895398208,552.935509451712,179.77782518956798,1012.0151352663848,742.8191092855266,586.3583784,430.3870497456,25.419315294000004,18.657777425796006,4300.5,9866.379857201684,8220.380277392818,115.86553271201765,CT,27.80002954209749,311.60472673559826
114,COUNTY,TEXAS,48,SOUTH CENTRAL,81,CALDWELL,55.0,7788.0,17422.0,6495.0,24000.0,0.0,40500.0,82.3722,29.8298971,-97.5959641,0.0,1128000.0,1903500.0,0.4,1260.6778272000001,2820.1757968,1051.374228,499.68226358899204,1117.804878819648,416.72268901007993,850.9580947370551,624.6032415369984,1185.3719736,870.0630286224,58.92164626500001,43.24848835851001,3031.5,6975.8986813721785,33595.02339854119,622.5529732885279,CT,42.616765140324965,477.6824224519941
115,COUNTY,TEXAS,48,SOUTH CENTRAL,81,COLORADO,89.0,0.0,13724.0,0.0,43500.0,100.0,71000.0,113.5888,29.6099609,-96.5478826,11800.0,2044500.0,3337000.0,0.45,0.0,2499.2597988,0.0,0.0,990.6066138523681,0.0,0.0,0.0,933.7644912,685.3831365408,0.0,0.0,5393.3,0.0,20846.845504693276,0.0,CT,18.447326440177253,206.77223042836042
116,COUNTY,TEXAS,48,SOUTH CENTRAL,81,FAYETTE,149.0,0.0,11570.0,636.0,0.0,0.0,97000.0,102.3874,29.8381635,-96.9559692,0.0,0.0,4559000.0,0.45,0.0,2106.997659,115.82113319999999,0.0,835.1295921212401,45.906864355152,0.0,0.0,787.2089159999999,577.811344344,2.8848324,2.1174669816000002,4559.0,0.0,14816.500738511078,2.9846951950049356,CT,16.40688330871492,183.901329394387
117,COUNTY,TEXAS,48,SOUTH CENTRAL,81,GOLIAD,175.0,0.0,8698.0,1700.0,0.0,0.0,41000.0,97.9932,28.6467776,-97.4379552,0.0,0.0,1927000.0,0.4,0.0,1407.9835312,275.18648,0.0,558.0683524264319,109.0729132128,0.0,0.0,591.8014823999999,434.38228808159994,15.422139900000001,11.319850686600002,1927.0,0.0,8373.706520067668,42.64968653696057,CT,13.976632200886264,156.6611521418021
118,COUNTY,TEXAS,48,SOUTH CENTRAL,81,GONZALES,177.0,0.0,4039.0,227.0,55000.0,0.0,125000.0,91.4908,29.4436555,-97.5108636,0.0,2585000.0,5875000.0,0.4,0.0,653.8107016,36.745488800000004,0.0,259.14440968617595,14.564441940768003,0.0,0.0,274.8087132,201.7095954888,2.0593092690000003,1.5115330034460002,8460.0,0.0,1805.6211594242855,0.7604483382571079,CT,5.734209748892172,64.27355982274742
119,COUNTY,TEXAS,48,SOUTH CENTRAL,81,GUADALUPE,187.0,1626.0,24243.0,16719.0,27000.0,0.0,49500.0,87.63,29.6480061,-97.8279576,0.0,1269000.0,2326500.0,0.4,263.2077744,3924.3210792,2706.3780936000003,104.325033461184,1555.443902951712,1072.700021179296,177.66536492584123,130.40637785556746,1649.4646283999998,1210.7070372455998,151.67220999300002,111.32740213486203,3595.5,304.08105337989116,65050.6517358059,4125.139088548834,CT,57.24531757754801,641.650812407681
120,COUNTY,TEXAS,48,SOUTH CENTRAL,81,HAYS,209.0,2328.0,5310.0,2385.0,9100.0,0.0,16000.0,94.4626,30.0447901,-98.0393127,0.0,427700.0,752000.0,0.4,376.8436032,859.553064,386.070444,149.365730564352,340.69245244704,153.02288118383998,254.36959996762513,186.70728637623685,361.286028,265.183944552,21.636355095000003,15.88108463973,1179.7,623.3245475963337,3120.814615878638,83.94498726702513,CT,13.472570162481537,151.0112259970458
121,COUNTY,TEXAS,48,SOUTH CENTRAL,81,KARNES,255.0,4195.0,13593.0,4836.0,28500.0,0.0,48000.0,72.136,28.8791858,-97.9062893,0.0,1339500.0,2256000.0,0.4,679.0631079999999,2200.3587192000005,782.8245984,269.1534534868799,872.1341819421121,310.280357821824,458.36790028530385,336.442038809413,924.8514084,678.8409337656,43.871452092000006,32.201645835528005,3595.5,2024.007926016825,20450.76521823819,345.13625725691946,CT,30.410398818316104,340.8638109305761
122,COUNTY,TEXAS,48,SOUTH CENTRAL,81,MEDINA,325.0,15537.0,24560.0,5941.0,0.0,0.0,58000.0,66.802,29.2836281,-99.1126826,0.0,0.0,2726000.0,0.4,2515.0425528,3975.635264,961.6958104,996.8622662278078,1575.78279323904,381.17775141014397,1697.6548430829,1246.0786548228486,1671.0329279999999,1226.538169152,53.895843027000005,39.55954878181801,2726.0,27764.036713411544,66762.97087485336,520.8793082426463,CT,61.882688330871495,693.6301329394388
123,COUNTY,TEXAS,48,SOUTH CENTRAL,81,TRAVIS,453.0,1739.0,14828.0,5711.0,11400.0,0.0,19300.0,85.471,30.2878569,-97.7561392,0.0,535800.0,907100.0,0.4,281.4995816,2400.2736032000003,924.4646984,111.575174162976,951.3724453643522,366.420827857824,190.01234293114265,139.4690597114587,1008.8793264,740.5174255776,51.809318217000005,38.028039571278,1442.9,347.8143071869672,24335.71349705655,481.3293241832716,CT,29.945317577548007,335.650812407681
124,COUNTY,TEXAS,48,SOUTH CENTRAL,81,WASHINGTON,477.0,0.0,46.0,0.0,0.0,0.0,68000.0,112.141,30.2226352,-96.3936114,0.0,0.0,3196000.0,0.45,0.0,8.3770002,0.0,0.0,3.320307799272,0.0,0.0,0.0,3.1297848,2.2972620432,0.0,0.0,3196.0,0.0,0.23420415331195446,0.0,CT,0.06183161004431315,0.6930576070901034
125,COUNTY,TEXAS,48,SOUTH CENTRAL,81,WILSON,493.0,2972.0,7000.0,6379.0,0.0,0.0,88000.0,70.104,29.1589961,-98.1251465,0.0,0.0,4136000.0,0.4,481.0907168,1133.1208,1032.5967976000002,190.685116510848,449.12376028799997,409.280066696736,324.73644806863484,238.35655288237797,476.2716,349.5833544,57.869312013000005,42.476075017542,4136.0,1015.8881365832017,5423.4421135566,600.514094575963,CT,21.978449039881834,246.35184638109308
126,COUNTY,TEXAS,48,SOUTH TEXAS,96,ATASCOSA,13.0,1883.0,1125.0,1179.0,0.0,0.0,77000.0,73.66,28.8554434,-98.5316314,0.0,0.0,3619000.0,0.4,304.8094952,182.1087,190.8499176,120.814291517472,72.180604332,75.645273339936,205.74654499099574,151.0179640233909,76.54365,56.1830391,10.695707613000002,7.850649387942002,3619.0,407.8015935987516,140.08252908102187,20.51377609810492,CT,5.628020679468243,63.083308714918765
127,COUNTY,TEXAS,48,SOUTH TEXAS,96,DIMMIT,127.0,0.0,0.0,0.0,0.0,0.0,21000.0,51.3334,28.3821949,-99.7178226,0.0,0.0,987000.0,0.4,0.0,0.0,0.0,0.0,0.0,0.0,0.0,0.0,0.0,0.0,0.0,0.0,987.0,0.0,0.0,0.0,CT,0.0,0.0
128,COUNTY,TEXAS,48,SOUTH TEXAS,96,FRIO,163.0,5517.0,11603.0,2069.0,17800.0,0.0,55000.0,65.3542,28.8352831,-99.1226618,0.0,836600.0,2585000.0,0.4,893.0610648,1878.2286631999998,334.9181336,353.97368364412796,744.4547129459519,132.748151433696,602.8166164181218,442.46739645090145,789.4541964,579.4593801576001,18.769651443,13.776924159162,3421.6,3500.6947758322153,14901.140636372627,63.17408816250724,CT,25.793190546528805,289.11048744460857
129,COUNTY,TEXAS,48,SOUTH TEXAS,96,JIM WELLS,249.0,26247.0,16767.0,51599.0,0.0,0.0,36500.0,69.9008,27.8067733,-98.1084601,0.0,0.0,1715500.0,0.4,4248.7173768,2714.1480648,8352.557165600001,1684.0216194684479,1075.7797269641278,3310.6195581572165,2867.8861212844745,2105.0284130228047,1140.8065596,837.3520147464,468.09823335300007,343.58410328110205,1715.5,79233.27751203287,31116.42236006459,39291.67750202383,CT,127.17552437223044,1425.4838995568687
130,COUNTY,TEXAS,48,SOUTH TEXAS,96,LIVE OAK,297.0,1696.0,4714.0,5272.0,21000.0,0.0,35500.0,55.88,28.2678746,-98.101923,0.0,987000.0,1668500.0,0.4,274.5389824,763.0759216,853.4018368000001,108.816271064064,302.452772285376,338.254352034048,185.31393537160318,136.02042856275673,320.73490319999996,235.41941894879997,47.826777384,35.104854599856004,2655.5,330.8262593399891,2459.5637605155844,410.1746384821099,CT,15.702540620384049,176.00649926144757
131,COUNTY,TEXAS,48,SOUTH TEXAS,96,ZAPATA,505.0,0.0,0.0,0.0,11600.0,0.0,17400.0,49.6062,26.9879626,-99.1673556,0.0,545200.0,817800.0,0.4,0.0,0.0,0.0,0.0,0.0,0.0,0.0,0.0,0.0,0.0,0.0,0.0,1363.0,0.0,0.0,0.0,CT,0.0,0.0
132,COUNTY,TEXAS,48,SOUTH TEXAS,96,ZAVALA,507.0,7694.0,5856.0,4951.0,12400.0,0.0,51000.0,52.578,28.8366612,-99.767631,0.0,582800.0,2397000.0,0.4,1245.4616336000001,947.9364864,801.4401544,493.65117309369606,375.72410574950396,317.658819597984,840.6871572813177,617.0643734444873,398.4352128,292.45144619520005,44.914714497000006,32.967400440798,2979.8,6808.518823303123,3795.605481866909,361.7460965115152,CT,24.8684047267356,278.7447562776957
133,COUNTY,TEXAS,48,SOUTHERN HIGH PLAINS,12,ANDREWS,3.0,11314.0,0.0,0.0,7400.0,0.0,11500.0,38.481,32.2690953,-102.6042447,0.0,347800.0,540500.0,0.4,1831.4469616000001,0.0,0.0,725.912317699776,0.0,0.0,1236.2275146192915,907.39099573056,0.0,0.0,0.0,0.0,888.3000000000001,14722.468281891499,0.0,0.0,CT,15.207887740029543,170.46203840472674
134,COUNTY,TEXAS,48,SOUTHERN HIGH PLAINS,12,BAILEY,17.0,77145.0,8683.0,17078.0,6300.0,32000.0,130000.0,44.1198,34.0349194,-102.8149372,3776000.0,296100.0,6110000.0,0.4,12487.800588,1405.5554152,2764.4910032000003,4949.6646410596795,557.105944368672,1095.733654028352,8429.27095769005,6187.084882944497,590.7809004,433.6331808936,154.929003066,113.717888250444,10182.1,684484.8581081318,8344.849934136324,4304.195798813327,CT,138.3226883308715,1550.4301329394389
135,COUNTY,TEXAS,48,SOUTHERN HIGH PLAINS,12,COCHRAN,79.0,124080.0,20842.0,31180.0,2800.0,0.0,10000.0,46.5836,33.5905096,-102.805677,0.0,131600.0,470000.0,0.4,20085.375551999998,3373.7862448000005,5047.243792,7961.039453790719,1337.2339159889282,2000.5255493971201,13557.637441573419,9951.30588211489,1418.0646696,1040.8594674864,282.86018946,207.61937906364003,601.6,1770727.9732434521,48079.253082078,14347.301423396331,CT,236.7102215657312,2653.235450516987
136,COUNTY,TEXAS,48,SOUTHERN HIGH PLAINS,12,CROSBY,107.0,177589.0,2498.0,6187.0,6200.0,0.0,10200.0,58.293,33.5778818,-101.2855737,0.0,291400.0,479400.0,0.4,28747.112821600003,404.3622512,1001.5169128,11394.205637969377,160.27302188563198,396.96124355740795,19404.313955605918,14242.766443414745,169.9609224,124.75131704159999,56.127517389000005,41.197597763526005,770.8000000000001,3627274.326616588,690.6591935175846,564.9086604872081,CT,250.38307237813888,2806.491580502216
137,COUNTY,TEXAS,48,SOUTHERN HIGH PLAINS,12,DAWSON,115.0,259949.0,0.0,3681.0,3400.0,0.0,5600.0,48.4378,32.7410762,-101.9576048,0.0,159800.0,263200.0,0.4,42079.0884056,0.0,595.8596664,16678.467480443614,0.0,236.174937374304,28403.40341150523,20848.09810404484,0.0,0.0,33.393468807000005,24.510806104338005,423.0,7771853.055839166,0.0,199.96299629783172,CT,354.3623338257016,3971.97341211226
138,COUNTY,TEXAS,48,SOUTHERN HIGH PLAINS,12,GAINES,165.0,241339.0,5100.0,13945.0,0.0,0.0,11900.0,46.228,32.7044935,-102.6220553,0.0,0.0,559300.0,0.4,39066.6058216,825.55944,2257.338508,15484.439883449373,327.2187396384,894.7186910308799,26369.976325853382,19355.562623176385,346.99788,254.69644392000004,126.50690641500002,92.85606930861002,559.3000000000001,6698896.938667458,2878.8516198695343,2869.8225118612904,CT,349.99917282127035,3923.06765140325
139,COUNTY,TEXAS,48,SOUTHERN HIGH PLAINS,12,GLASSCOCK,173.0,128853.0,627.0,961.0,0.0,0.0,6100.0,43.9928,31.8640224,-101.4811312,0.0,0.0,286700.0,0.4,20858.0020632,101.4952488,155.5612984,8267.277697769952,40.228656814368,61.658276233824,14079.1606806823,10334.103939620809,42.660327599999995,31.3126804584,8.718044967,6.399045005778001,286.7,1909577.7571080357,43.512497442048826,13.629024622941305,CT,175.33428360413592,1965.2853766617432
140,COUNTY,TEXAS,48,SOUTHERN HIGH PLAINS,12,HOCKLEY,219.0,152495.0,12398.0,72464.0,4600.0,0.0,9300.0,49.7332,33.5714311,-102.3110415,0.0,216200.0,437100.0,0.4,24685.036627999998,2006.9188112000002,11730.0665216,9784.16111787408,795.462340007232,4649.329166501376,16662.41071609235,12230.209465611784,843.5450423999999,619.1620611216,657.3823210080001,482.518623619872,653.3000000000001,2674603.9835687135,17013.050578477527,77493.02379590654,CT,319.04707533234864,3576.1320531757756
141,COUNTY,TEXAS,48,SOUTHERN HIGH PLAINS,12,HOWARD,227.0,70458.0,0.0,0.0,5900.0,0.0,10600.0,51.1048,32.3047833,-101.4271085,0.0,277300.0,498200.0,0.4,11405.3464752,0.0,0.0,4520.623128910272,0.0,0.0,7698.613949535623,5650.782638959147,0.0,0.0,0.0,0.0,775.5,570964.2297756274,0.0,0.0,CT,94.70720827178731,1061.5533234859677
142,COUNTY,TEXAS,48,SOUTHERN HIGH PLAINS,12,LAMB,279.0,156911.0,35043.0,36096.0,9100.0,44000.0,185000.0,47.4726,34.0321667,-102.3429233,5192000.0,427700.0,8695000.0,0.4,25399.8739784,5672.5645992,5843.018342400001,10067.494050078623,2248.377704538912,2315.9387501936644,17144.926245927843,12584.375864511037,2384.2836684,1750.0642126056,327.45738931200003,240.35372375500802,14314.7,2831750.9763200716,135919.4117921043,19228.090465313322,CT,306.5369276218612,3435.9084194977845
143,COUNTY,TEXAS,48,SOUTHERN HIGH PLAINS,12,LUBBOCK,303.0,264305.0,17986.0,23354.0,5700.0,400.0,40500.0,47.4726,33.5634402,-101.8792389,47200.0,267900.0,1903500.0,0.4,42784.213292,2911.4729584,3780.4147376,16957.950780417123,1153.991421791424,1498.405185395136,28879.36302381579,21197.452459480788,1223.7458568,898.2294588911999,211.86391483800003,155.50811349109205,2218.6,8034503.356564826,35805.36516248491,8048.974519632553,CT,410.83744460856724,4604.991137370754
144,COUNTY,TEXAS,48,SOUTHERN HIGH PLAINS,12,LYNN,305.0,297817.0,10248.0,22224.0,2700.0,0.0,8400.0,52.0192,33.1474257,-101.812592,0.0,126900.0,394800.0,0.4,48208.9481848,1658.8888511999999,3597.4966656,19108.098702527328,657.5171850616318,1425.9037783772158,32541.061492078265,23885.139135185447,697.2616224,511.79003084159996,201.612727728,147.98374215235202,521.7,10201105.700641112,11624.04178821741,7288.907814902727,CT,443.96305760709015,4976.2892171344165
145,COUNTY,TEXAS,48,SOUTHERN HIGH PLAINS,12,MARTIN,317.0,148810.0,0.0,5570.0,2400.0,0.0,3800.0,46.228,32.2675039,-101.9190317,0.0,112800.0,178600.0,0.4,24088.529464,0.0,901.640408,9547.72953835104,0.0,357.37419211488,16259.768114769027,11934.669796240467,0.0,0.0,50.53018779000001,37.08915783786001,291.40000000000003,2546903.6271635364,0.0,457.8554532320236,CT,207.5122599704579,2325.9615952732647
146,COUNTY,TEXAS,48,SOUTHERN HIGH PLAINS,12,MIDLAND,329.0,11344.0,2176.0,0.0,3300.0,0.0,6600.0,37.592,31.83688,-102.0103767,0.0,155100.0,310200.0,0.4,1836.3031936000002,352.23869440000004,0.0,727.8371338152962,139.61332891238402,0.0,1239.5054733817608,909.7970174622124,148.0524288,108.67048273920001,0.0,0.0,465.3,14800.647460954528,524.0789437771384,0.0,CT,18.17311669128508,203.69867060561302
147,COUNTY,TEXAS,48,SOUTHERN HIGH PLAINS,12,TERRY,445.0,209724.0,3997.0,9083.0,0.0,0.0,18200.0,47.9806,33.1514254,-102.3328121,0.0,0.0,855400.0,0.4,33948.9466656,647.0119768000001,1470.3051752000001,13456.004500377217,256.449667124448,582.770159242272,22915.554116671054,16820.016721636555,271.9510836,199.61209536240003,82.39958630100001,60.481296344934016,855.4,5058765.442109889,1768.2644901461078,1217.521472273557,CT,299.485435745938,3356.8697193500743
148,COUNTY,TEXAS,48,SOUTHERN HIGH PLAINS,12,YOAKUM,501.0,98050.0,7373.0,18866.0,3600.0,0.0,9200.0,46.7614,33.1536951,-102.833579,0.0,169200.0,432400.0,0.4,15871.78492,1193.4999512000002,3053.9224304,6290.9406708912,473.05564065763207,1210.4526945133439,10713.461888670809,7863.681026284374,501.6500724,368.2111531416,171.14946550200003,125.62370767846802,601.6,1105715.6958897584,6016.82523181802,5252.640295421462,CT,167.0649778434269,1872.5964549483015
149,COUNTY,TEXAS,48,SOUTHERN LOW PLAINS,22,BAYLOR,23.0,7896.0,0.0,569.0,10900.0,0.0,56000.0,70.5866,33.574962,-99.2000611,0.0,512300.0,2632000.0,0.4,1278.1602624,0.0,92.1065336,506.61160160486395,0.0,36.507345657696,862.7587462819449,633.2649197709476,0.0,0.0,5.161880943000001,3.788820612162001,3144.3,7170.716585861914,0.0,4.777960263976781,CT,11.378360413589366,127.53766617429838
150,COUNTY,TEXAS,48,SOUTHERN LOW PLAINS,22,COLEMAN,83.0,5934.0,16105.0,1738.0,19900.0,0.0,45000.0,72.898,31.7766863,-99.4461098,0.0,935300.0,2115000.0,0.4,960.5626895999999,2606.987212,281.3377072,380.7286276498559,1033.30545134832,111.511013625792,648.3802432164465,475.91109852087175,1095.764874,804.291417516,15.766870086,11.572882643124002,3050.3,4049.891259827515,28707.83142900698,44.57768849126323,CT,31.96022156573117,358.23545051698676
151,COUNTY,TEXAS,48,SOUTHERN LOW PLAINS,22,FISHER,151.0,76475.0,2478.0,0.0,10700.0,0.0,20000.0,61.5188,32.7090882,-100.3811922,0.0,502900.0,940000.0,0.4,12379.34474,401.1247632,0.0,4906.6770811464,158.989811141952,0.0,8356.0632119949,6133.3503976042575,168.6001464,123.75250745759999,0.0,0.0,1442.9,672647.0623675043,679.6440719024589,0.0,CT,106.12589364844905,1189.5429837518466
152,COUNTY,TEXAS,48,SOUTHERN LOW PLAINS,22,HASKELL,207.0,85786.0,0.0,5767.0,9700.0,0.0,27000.0,63.3222,33.1542164,-99.7199972,0.0,455900.0,1269000.0,0.4,13886.5572784,0.0,933.5296648000001,5504.075842866623,0.0,370.01381794012804,9373.43234657332,6880.099342384817,0.0,0.0,52.31734164900001,38.400928770366,1724.9,846410.6414524694,0.0,490.81508671475575,CT,123.06237813884786,1379.3805022156573
153,COUNTY,TEXAS,48,SOUTHERN LOW PLAINS,22,JONES,253.0,79795.0,0.0,1852.0,11200.0,0.0,23000.0,66.04,32.7135946,-99.8606106,0.0,526400.0,1081000.0,0.4,12916.767748,0.0,299.7913888,5119.690064597279,0.0,118.825314864768,8718.823981708181,6399.616802573805,0.0,0.0,16.801060644000003,12.331978512696002,1607.4,732317.8780270752,0.0,50.61741538126894,CT,109.7470753323486,1230.1320531757756
154,COUNTY,TEXAS,48,SOUTHERN LOW PLAINS,22,KNOX,275.0,16527.0,0.0,0.0,6900.0,0.0,27500.0,66.9544,33.5871385,-99.7073621,0.0,324300.0,1292500.0,0.4,2675.2982088,0.0,0.0,1060.381198039968,0.0,0.0,1805.82748224439,1325.4773719673822,0.0,0.0,0.0,0.0,1616.8,31414.94709900342,0.0,0.0,CT,22.21502215657312,249.0035450516987
155,COUNTY,TEXAS,48,SOUTHERN LOW PLAINS,22,MITCHELL,335.0,39261.0,0.0,445.0,8400.0,0.0,16500.0,49.3522,32.2898049,-100.9213003,0.0,394800.0,775500.0,0.4,6355.3508184,0.0,72.034108,2519.006850381024,0.0,28.55143904688,4289.864632443698,3148.7606402136744,0.0,0.0,4.0369719150000005,2.9631373856100005,1170.3,177284.59223539967,0.0,2.922388988401944,CT,53.37143279172822,598.2292466765141
156,COUNTY,TEXAS,48,SOUTHERN LOW PLAINS,22,NOLAN,353.0,60821.0,0.0,1590.0,6700.0,0.0,14100.0,59.7916,32.2719306,-100.3987748,0.0,314900.0,662700.0,0.4,9845.3628824,0.0,257.380296,3902.3080320680638,0.0,102.01525412256,6645.624329738371,4877.888258027964,0.0,0.0,14.424236730000002,10.587389759820002,977.6,425456.7236299646,0.0,37.30888322978895,CT,83.89070901033973,940.3134416543576
157,COUNTY,TEXAS,48,SOUTHERN LOW PLAINS,22,RUNNELS,399.0,69222.0,767.0,7107.0,0.0,0.0,40000.0,60.3504,31.8282551,-99.9779922,0.0,0.0,1880000.0,0.4,11205.269716800001,124.1576648,1150.4413608,4441.320704950849,49.211132020128,455.98893776668797,7563.562048521883,5551.654543615063,52.1857596,38.304347546399995,64.473616629,47.323634605686,1880.0,551107.8086202389,65.11329260289999,745.4021339116252,CT,103.62977843426884,1161.5645494830135
158,COUNTY,TEXAS,48,SOUTHERN LOW PLAINS,22,SCURRY,415.0,67194.0,0.0,0.0,0.0,0.0,23000.0,57.1754,32.7225172,-100.9052015,0.0,0.0,1081000.0,0.4,10876.988433600001,0.0,0.0,4311.203135541697,0.0,0.0,7341.972036178953,5389.007474555352,0.0,0.0,0.0,0.0,1081.0,519289.173955405,0.0,0.0,CT,90.31985228951257,1012.376366322009
159,COUNTY,TEXAS,48,SOUTHERN LOW PLAINS,22,STONEWALL,433.0,23047.0,0.0,0.0,10700.0,0.0,24500.0,59.0296,33.1571742,-100.2453011,0.0,502900.0,1151500.0,0.4,3730.7192968000004,0.0,0.0,1478.7079004796483,0.0,0.0,2518.2371866210724,1848.386094979867,0.0,0.0,0.0,0.0,1654.4,61090.978620183654,0.0,0.0,CT,30.978980797636634,347.2369276218612
160,COUNTY,TEXAS,48,SOUTHERN LOW PLAINS,22,TAYLOR,441.0,18085.0,0.0,3095.0,0.0,0.0,41500.0,60.4012,32.2793121,-99.8812612,0.0,0.0,1950500.0,0.4,2927.498524,0.0,501.001268,1160.34331497264,0.0,198.57686258447998,1976.0628073086339,1450.4301005645373,0.0,0.0,28.077366465000004,20.608786985310005,1950.5,37617.099404071094,0.0,141.36415694799615,CT,28.46942392909897,319.10782865583457
161,COUNTY,TEXAS,48,TRANS-PECOS,60,BREWSTER,43.0,0.0,0.0,0.0,0.0,0.0,27500.0,43.6626,29.8462742,-103.2400734,0.0,0.0,1292500.0,0.4,0.0,0.0,0.0,0.0,0.0,0.0,0.0,0.0,0.0,0.0,0.0,0.0,1292.5,0.0,0.0,0.0,CT,0.0,0.0
162,COUNTY,TEXAS,48,TRANS-PECOS,60,EL PASO,141.0,14873.0,6.0,0.0,900.0,0.0,5700.0,23.9522,31.7550511,-106.4882345,0.0,42300.0,267900.0,0.35,2106.6132072999994,0.8498405999999998,0.0,834.9772108454276,0.3368428202159999,0.0,1625.1026891402441,1192.8253738289393,0.40823279999999995,0.2996428752,0.0,0.0,310.2,25441.65941232043,0.0039845697160824,0.0,CT,19.999837518463814,224.17400295420975
163,COUNTY,TEXAS,48,TRANS-PECOS,60,HUDSPETH,229.0,2739.0,0.0,0.0,0.0,0.0,12400.0,30.3022,31.5388627,-105.4752945,0.0,0.0,582800.0,0.4,443.37398160000004,0.0,0.0,175.735711346976,0.0,0.0,299.27763501345584,219.66978409987658,0.0,0.0,0.0,0.0,582.8000000000001,862.8441183563081,0.0,0.0,CT,3.6816691285081244,41.26706056129986
164,COUNTY,TEXAS,48,TRANS-PECOS,60,PECOS,371.0,3181.0,0.0,0.0,17200.0,0.0,30000.0,35.7124,30.7857437,-102.8065415,0.0,808400.0,1410000.0,0.4,514.9224664000001,0.0,0.0,204.094668782304,0.0,0.0,347.57289411383823,255.11850427955724,0.0,0.0,0.0,0.0,2218.4,1163.7926679539285,0.0,0.0,CT,4.275790251107829,47.92644017725259
165,COUNTY,TEXAS,48,TRANS-PECOS,60,REEVES,389.0,0.0,0.0,0.0,5800.0,0.0,11400.0,29.4894,31.232003,-103.6583657,0.0,272600.0,535800.0,0.4,0.0,0.0,0.0,0.0,0.0,0.0,0.0,0.0,0.0,0.0,0.0,0.0,808.4,0.0,0.0,0.0,CT,0.0,0.0
166,COUNTY,TEXAS,48,UPPER COAST,90,BRAZORIA,39.0,0.0,12553.0,7712.0,37500.0,0.0,69000.0,145.3896,29.18161,-95.4993375,0.0,1762500.0,3243000.0,0.45,0.0,2286.0105111000003,1404.4222944,0.0,906.0831261795961,556.656820608384,0.0,0.0,854.0910564,626.9028353976,34.9808608,25.675951827200002,5005.5,0.0,17441.104601889354,438.85373299114855,CT,27.239512555391435,305.3220088626293
167,COUNTY,TEXAS,48,UPPER COAST,90,CALHOUN,57.0,11308.0,12298.0,9202.0,8200.0,0.0,15400.0,93.6244,28.5031572,-96.6736551,0.0,385400.0,723800.0,0.4,1830.4757152,1990.7313712000002,1489.5682288,725.5273544766719,789.0462862888321,590.405263167168,1235.5719228667974,906.9097913842294,836.7411624,614.1680132016,83.47913609400001,61.273685892996006,1109.2,14706.857288963933,16739.70909595428,1249.6329230282527,CT,44.099379615952735,494.3007385524373
168,COUNTY,TEXAS,48,UPPER COAST,90,FORT BEND,157.0,42210.0,17794.0,15911.0,20000.0,0.0,32000.0,125.3236,29.511218,-95.7807348,0.0,940000.0,1504000.0,0.45,7686.8082269999995,3240.4422078,2897.5315256999997,3046.7433088537196,1284.381673483608,1148.4655955264518,4612.08797879444,3385.272576435119,1210.6824072,888.6408868848,72.1707049,52.97329739660001,2444.0,204917.46886699807,35045.00300546395,1868.016494048221,CT,102.04231905465289,1143.771048744461
169,COUNTY,TEXAS,48,UPPER COAST,90,HARRIS,201.0,0.0,4913.0,0.0,0.0,0.0,24000.0,137.0584,29.8119769,-95.3741247,0.0,0.0,1128000.0,0.45,0.0,894.7000430999999,0.0,0.0,354.623309083116,0.0,0.0,0.0,334.2746244,245.35757430959998,0.0,0.0,1128.0,0.0,2671.606290479149,0.0,CT,6.603884785819794,74.02156573116692
170,COUNTY,TEXAS,48,UPPER COAST,90,JACKSON,239.0,39488.0,89140.0,6330.0,0.0,0.0,36500.0,106.934,28.9224028,-96.55561,0.0,0.0,1715500.0,0.45,7191.108345600001,16233.169517999999,1152.748071,2850.2677038620163,6434.17907015448,456.90322542156,4314.667853746383,3166.966204649845,6064.978631999999,4451.694315887999,28.712246999999998,21.074789298,1715.5,179340.5736445441,879476.3971105526,295.6604102367718,CT,181.4058788774003,2033.3406203840475
171,COUNTY,TEXAS,48,UPPER COAST,90,MATAGORDA,321.0,25911.0,32924.0,14501.0,33000.0,0.0,54000.0,121.9962,28.8879823,-96.0035095,0.0,1551000.0,2538000.0,0.45,4718.6185257,5995.746838800001,2640.7582586999997,1870.271638846452,2376.474217026768,1046.690943418332,2831.172983144817,2078.080969628296,2240.1094512,1644.2403371808,65.7750859,48.278913050599996,4089.0,77217.65831521149,119978.68983312625,1551.606749869314,CT,98.57571639586412,1104.9146233382571
172,COUNTY,TEXAS,48,UPPER COAST,90,VICTORIA,469.0,13801.0,25023.0,10537.0,30500.0,0.0,49500.0,101.854,28.8026443,-96.9766308,0.0,1433500.0,2326500.0,0.45,2513.2821687,4556.9060001,1918.8793719000003,996.1645203859321,1806.1752621996359,760.5670278462841,1507.9702960280042,1106.8501972845552,1702.5348924,1249.6606110216,47.7947783,35.0813672722,3760.0,21906.318127938226,69303.90098784375,819.2561594268793,CT,66.34935007385525,743.696011816839
173,COUNTY,TEXAS,48,UPPER COAST,90,WHARTON,481.0,80643.0,69499.0,18383.0,0.0,0.0,58000.0,116.6368,29.2454534,-96.2291474,0.0,0.0,2726000.0,0.45,14685.791894099999,12656.3725413,3347.7042321,5820.860475145475,5016.479820469668,1326.8960494351559,8811.480949393983,6467.627016855184,4728.6285612,3470.8133639208004,83.3834497,61.203452079799995,2726.0,747965.6089810815,534608.7227750293,2493.5525752635062,CT,226.5254800590842,2539.0768094534715
174,COUNTY,TEXAS,48,BLACKLANDS,40,DALLAS,113.0,0.0,0.0,0.0,3600.0,0.0,8800.0,94.107,32.7762719,-96.7968559,0.0,169200.0,413600.0,0.4,0.0,0.0,0.0,0.0,0.0,0.0,0.0,0.0,0.0,0.0,0.0,0.0,582.8000000000001,0.0,0.0,0.0,CT,0.0,0.0
175,COUNTY,TEXAS,48,BLACKLANDS,40,TARRANT,439.0,0.0,0.0,0.0,0.0,0.0,13300.0,86.3854,32.7513658,-97.335696,0.0,0.0,625100.0,0.4,0.0,0.0,0.0,0.0,0.0,0.0,0.0,0.0,0.0,0.0,0.0,0.0,625.1,0.0,0.0,0.0,CT,0.0,0.0
176,COUNTY,TEXAS,48,CROSS TIMBERS,30,MILLS,333.0,0.0,0.0,0.0,0.0,0.0,34500.0,73.1012,31.4861082,-98.5527272,0.0,0.0,1621500.0,0.4,0.0,0.0,0.0,0.0,0.0,0.0,0.0,0.0,0.0,0.0,0.0,0.0,1621.5,0.0,0.0,0.0,CT,0.0,0.0
177,COUNTY,TEXAS,48,EAST TEXAS NORTH,51,CASS,67.0,0.0,6.0,0.0,13900.0,0.0,24500.0,122.428,33.0560857,-94.3510366,0.0,653300.0,1151500.0,0.45,0.0,1.0926522,0.0,0.0,0.43308362599200007,0.0,0.0,0.0,0.40823279999999995,0.2996428752,0.0,0.0,1804.8,0.0,0.0039845697160824,0.0,CT,0.008064992614475628,0.09039881831610044
178,COUNTY,TEXAS,48,EAST TEXAS NORTH,51,HENDERSON,213.0,0.0,18.0,0.0,0.0,0.0,60000.0,106.7562,32.182598,-95.7893178,0.0,0.0,2820000.0,0.45,0.0,3.2779566,0.0,0.0,1.299250877976,0.0,0.0,0.0,1.2246983999999999,0.8989286256,0.0,0.0,2820.0,0.0,0.0358611274447416,0.0,CT,0.024194977843426883,0.27119645494830136
179,COUNTY,TEXAS,48,EAST TEXAS NORTH,51,NACOGDOCHES,347.0,0.0,0.0,0.0,0.0,0.0,34500.0,122.936,31.5970503,-94.5927451,0.0,0.0,1621500.0,0.45,0.0,0.0,0.0,0.0,0.0,0.0,0.0,0.0,0.0,0.0,0.0,0.0,1621.5,0.0,0.0,0.0,CT,0.0,0.0
180,COUNTY,TEXAS,48,EAST TEXAS NORTH,51,PANOLA,365.0,0.0,0.0,0.0,0.0,0.0,31500.0,130.8354,32.1367712,-94.3130073,0.0,0.0,1480500.0,0.45,0.0,0.0,0.0,0.0,0.0,0.0,0.0,0.0,0.0,0.0,0.0,0.0,1480.5,0.0,0.0,0.0,CT,0.0,0.0
181,COUNTY,TEXAS,48,EAST TEXAS NORTH,51,RED RIVER,387.0,0.0,484.0,0.0,40500.0,0.0,92000.0,121.4882,33.571979,-95.0429674,0.0,1903500.0,4324000.0,0.45,0.0,88.1406108,0.0,0.0,34.935412496688,0.0,0.0,0.0,32.930779199999996,24.1711919328,0.0,0.0,6227.5,0.0,25.928037872516633,0.0,CT,0.650576070901034,7.292171344165436
182,COUNTY,TEXAS,48,EAST TEXAS NORTH,51,RUSK,401.0,0.0,26.0,0.0,25000.0,100.0,41000.0,122.4788,32.051377,-94.7906553,11800.0,1175000.0,1927000.0,0.45,0.0,4.7348262000000005,0.0,0.0,1.8766957126320003,0.0,0.0,0.0,1.7690088,1.2984524592,0.0,0.0,3113.8,0.0,0.07482136466865841,0.0,CT,0.03494830132939439,0.39172821270310193
183,COUNTY,TEXAS,48,EAST TEXAS NORTH,51,SHELBY,419.0,0.0,0.0,0.0,0.0,0.0,44000.0,134.6454,31.7716364,-94.1301652,0.0,0.0,2068000.0,0.45,0.0,0.0,0.0,0.0,0.0,0.0,0.0,0.0,0.0,0.0,0.0,0.0,2068.0,0.0,0.0,0.0,CT,0.0,0.0
184,COUNTY,TEXAS,48,EAST TEXAS NORTH,51,SMITH,423.0,0.0,18.0,0.0,26000.0,0.0,44500.0,115.316,32.3402898,-95.2563971,0.0,1222000.0,2091500.0,0.45,0.0,3.2779566,0.0,0.0,1.299250877976,0.0,0.0,0.0,1.2246983999999999,0.8989286256,0.0,0.0,3313.5,0.0,0.0358611274447416,0.0,CT,0.024194977843426883,0.27119645494830136
185,COUNTY,TEXAS,48,EAST TEXAS NORTH,51,TITUS,449.0,0.0,0.0,0.0,18100.0,0.0,29000.0,123.3678,33.2040399,-94.9651725,0.0,850700.0,1363000.0,0.45,0.0,0.0,0.0,0.0,0.0,0.0,0.0,0.0,0.0,0.0,0.0,0.0,2213.7000000000003,0.0,0.0,0.0,CT,0.0,0.0
186,COUNTY,TEXAS,48,EAST TEXAS NORTH,51,WOOD,499.0,0.0,0.0,0.0,24500.0,3100.0,45000.0,116.5352,32.7577475,-95.3812941,365800.0,1151500.0,2115000.0,0.45,0.0,0.0,0.0,0.0,0.0,0.0,0.0,0.0,0.0,0.0,0.0,0.0,3632.3,0.0,0.0,0.0,CT,0.0,0.0
187,COUNTY,TEXAS,48,EAST TEXAS SOUTH,52,HARDIN,199.0,0.0,5.0,0.0,5200.0,0.0,8100.0,143.51,30.3049642,-94.403904,0.0,244400.0,380700.0,0.45,0.0,0.9105435,0.0,0.0,0.36090302166,0.0,0.0,0.0,0.340194,0.249702396,0.0,0.0,625.1,0.0,0.002767062302835,0.0,CT,0.00672082717872969,0.07533234859675038
188,COUNTY,TEXAS,48,EAST TEXAS SOUTH,52,JASPER,241.0,0.0,17.0,0.0,7500.0,0.0,14400.0,153.8478,30.7485258,-94.000884,0.0,352500.0,676800.0,0.5,0.0,3.439831,0.0,0.0,1.3634114151599999,0.0,0.0,0.0,1.1566596,0.8489881464000001,0.0,0.0,1029.3,0.0,0.03198724022077261,0.0,CT,0.022850812407680946,0.25612998522895125
189,COUNTY,TEXAS,48,EAST TEXAS SOUTH,52,LEON,289.0,0.0,0.0,0.0,0.0,0.0,98000.0,109.4232,31.2715127,-95.9953382,0.0,0.0,4606000.0,0.45,0.0,0.0,0.0,0.0,0.0,0.0,0.0,0.0,0.0,0.0,0.0,0.0,4606.0,0.0,0.0,0.0,CT,0.0,0.0
190,COUNTY,TEXAS,48,EAST TEXAS SOUTH,52,MONTGOMERY,339.0,0.0,21.0,0.0,11600.0,0.0,18400.0,125.2728,30.301949,-95.5065944,0.0,545200.0,864800.0,0.45,0.0,3.8242827000000004,0.0,0.0,1.515792690972,0.0,0.0,0.0,1.4288147999999998,1.0487500631999997,0.0,0.0,1410.0,0.0,0.0488109790220094,0.0,CT,0.0282274741506647,0.31639586410635157
191,COUNTY,TEXAS,48,EAST TEXAS SOUTH,52,NEWTON,351.0,0.0,29.0,0.0,2700.0,0.0,4300.0,139.446,30.8118989,-93.740504,0.0,126900.0,202100.0,0.45,0.0,5.2811523000000005,0.0,0.0,2.093237525628,0.0,0.0,0.0,1.9731252,1.4482738968,0.0,0.0,329.0,0.0,0.09308397586736943,0.0,CT,0.0389807976366322,0.4369276218611522
192,COUNTY,TEXAS,48,EAST TEXAS SOUTH,52,POLK,373.0,0.0,14.0,0.0,9100.0,0.0,13300.0,131.699,30.7642828,-94.8192175,0.0,427700.0,625100.0,0.45,0.0,2.5495218,0.0,0.0,1.010528460648,0.0,0.0,0.0,0.9525431999999999,0.6991667088,0.0,0.0,1052.8,0.0,0.021693768454226398,0.0,CT,0.018818316100443135,0.21093057607090104
193,COUNTY,TEXAS,48,EAST TEXAS SOUTH,52,SABINE,403.0,0.0,0.0,0.0,5000.0,0.0,11600.0,138.176,31.3325489,-93.8722218,0.0,235000.0,545200.0,0.45,0.0,0.0,0.0,0.0,0.0,0.0,0.0,0.0,0.0,0.0,0.0,0.0,780.2,0.0,0.0,0.0,CT,0.0,0.0
194,COUNTY,TEXAS,48,EAST TEXAS SOUTH,52,SAN AUGUSTINE,405.0,0.0,13.0,0.0,6700.0,0.0,10000.0,129.794,31.3970365,-94.1751389,0.0,314900.0,470000.0,0.45,0.0,2.3674131000000003,0.0,0.0,0.9383478563160002,0.0,0.0,0.0,0.8845044,0.6492262296,0.0,0.0,784.9,0.0,0.018705341167164602,0.0,CT,0.017474150664697194,0.19586410635155097
195,COUNTY,TEXAS,48,EAST TEXAS SOUTH,52,TRINITY,455.0,0.0,0.0,0.0,12500.0,0.0,19700.0,122.174,31.0834452,-95.1219348,0.0,587500.0,925900.0,0.45,0.0,0.0,0.0,0.0,0.0,0.0,0.0,0.0,0.0,0.0,0.0,0.0,1513.4,0.0,0.0,0.0,CT,0.0,0.0
196,COUNTY,TEXAS,48,EDWARDS PLATEAU,70,EDWARDS,137.0,0.0,0.0,0.0,9300.0,0.0,14900.0,62.8904,29.9116617,-100.3457636,0.0,437100.0,700300.0,0.4,0.0,0.0,0.0,0.0,0.0,0.0,0.0,0.0,0.0,0.0,0.0,0.0,1137.4,0.0,0.0,0.0,CT,0.0,0.0
197,COUNTY,TEXAS,48,EDWARDS PLATEAU,70,GILLESPIE,171.0,0.0,2351.0,1411.0,0.0,0.0,47000.0,80.391,30.2954086,-98.9086643,0.0,0.0,2209000.0,0.4,0.0,380.5667144,228.4047784,0.0,150.841422919584,90.53051796662399,0.0,0.0,159.9592188,117.41006659920001,12.800376117,9.395476069878,2209.0,0.0,611.7643810916767,29.38136905531214,CT,5.056750369276219,56.68005908419498
198,COUNTY,TEXAS,48,EDWARDS PLATEAU,70,KENDALL,259.0,0.0,360.0,0.0,8700.0,0.0,16800.0,94.8944,29.943885,-98.7258845,0.0,408900.0,789600.0,0.4,0.0,58.274784,0.0,0.0,23.09779338624,0.0,0.0,0.0,24.493968,17.978572512,0.0,0.0,1198.5,0.0,14.344450977896642,0.0,CT,0.4838995568685377,5.423929098966027
199,COUNTY,TEXAS,48,SOUTH CENTRAL,81,BASTROP,21.0,0.0,0.0,0.0,35500.0,0.0,77000.0,96.6216,30.0541116,-97.3887764,0.0,1668500.0,3619000.0,0.4,0.0,0.0,0.0,0.0,0.0,0.0,0.0,0.0,0.0,0.0,0.0,0.0,5287.5,0.0,0.0,0.0,CT,0.0,0.0
200,COUNTY,TEXAS,48,SOUTH CENTRAL,81,COMAL,91.0,0.0,505.0,0.0,7500.0,0.0,16400.0,90.7796,29.7979704,-98.2690787,0.0,352500.0,770800.0,0.4,0.0,81.746572,0.0,0.0,32.401071277919996,0.0,0.0,0.0,34.359594,25.219941996000003,0.0,0.0,1123.3,0.0,28.226802551219844,0.0,CT,0.6788035450516987,7.608567208271788
201,COUNTY,TEXAS,48,SOUTH CENTRAL,81,LAVACA,285.0,0.0,3147.0,0.0,0.0,0.0,105000.0,107.2642,29.3703333,-96.9334531,0.0,0.0,4935000.0,0.45,0.0,573.0960789000001,0.0,0.0,227.15236183280405,0.0,0.0,0.0,214.11810359999998,157.1626880424,0.0,0.0,4935.0,0.0,1096.1561250366974,0.0,CT,4.230088626292467,47.41418020679468
202,COUNTY,TEXAS,48,SOUTH CENTRAL,81,LEE,287.0,0.0,355.0,0.0,38500.0,0.0,77000.0,91.4908,30.3031353,-96.9588587,0.0,1809500.0,3619000.0,0.4,0.0,57.465412,0.0,0.0,22.77699070032,0.0,0.0,0.0,24.153774,17.728870116,0.0,0.0,5428.5,0.0,13.948761068591235,0.0,CT,0.477178729689808,5.348596750369277
203,COUNTY,TEXAS,48,SOUTH TEXAS,96,LA SALLE,283.0,0.0,0.0,0.0,7500.0,0.0,11900.0,57.3024,28.3391148,-99.0982257,0.0,352500.0,559300.0,0.4,0.0,0.0,0.0,0.0,0.0,0.0,0.0,0.0,0.0,0.0,0.0,0.0,911.8000000000001,0.0,0.0,0.0,CT,0.0,0.0
204,COUNTY,TEXAS,48,SOUTH TEXAS,96,MCMULLEN,311.0,0.0,1500.0,0.0,7900.0,0.0,15800.0,60.6298,28.3138785,-98.5527241,0.0,371300.0,742600.0,0.4,0.0,242.8116,0.0,0.0,96.240805776,0.0,0.0,0.0,102.0582,74.91071880000001,0.0,0.0,1113.9,0.0,249.03560725515007,0.0,CT,2.016248153618907,22.59970457902511
205,COUNTY,TEXAS,48,UPPER COAST,90,CHAMBERS,71.0,0.0,0.0,0.0,0.0,0.0,24000.0,137.3632,29.7191125,-94.5412295,0.0,0.0,1128000.0,0.45,0.0,0.0,0.0,0.0,0.0,0.0,0.0,0.0,0.0,0.0,0.0,0.0,1128.0,0.0,0.0,0.0,CT,0.0,0.0
206,COUNTY,TEXAS,48,UPPER COAST,90,LIBERTY,291.0,0.0,0.0,0.0,29500.0,0.0,48000.0,153.7208,30.0856736,-94.7856262,0.0,1386500.0,2256000.0,0.5,0.0,0.0,0.0,0.0,0.0,0.0,0.0,0.0,0.0,0.0,0.0,0.0,3642.5,0.0,0.0,0.0,CT,0.0,0.0
207,COUNTY,TEXAS,48,UPPER COAST,90,ORANGE,361.0,0.0,6.0,0.0,6000.0,0.0,9900.0,149.86,30.1228634,-93.9041169,0.0,282000.0,465300.0,0.45,0.0,1.0926522,0.0,0.0,0.43308362599200007,0.0,0.0,0.0,0.40823279999999995,0.2996428752,0.0,0.0,747.3000000000001,0.0,0.0039845697160824,0.0,CT,0.008064992614475628,0.09039881831610044
208,COUNTY,TEXAS,48,CROSS TIMBERS,30,MONTAGUE,337.0,0.0,0.0,0.0,35000.0,400.0,82000.0,85.6488,33.6205753,-97.7215754,47200.0,1645000.0,3854000.0,0.4,0.0,0.0,0.0,0.0,0.0,0.0,0.0,0.0,0.0,0.0,0.0,0.0,5546.2,0.0,0.0,0.0,CT,0.0,0.0
209,COUNTY,TEXAS,48,CROSS TIMBERS,30,STEPHENS,429.0,0.0,0.0,300.0,12600.0,0.0,23500.0,68.6816,32.6944793,-98.8200722,0.0,592200.0,1104500.0,0.4,0.0,0.0,48.56232,0.0,0.0,19.2481611552,0.0,0.0,0.0,0.0,2.7215541,1.9976207094000002,1696.7,0.0,0.0,1.3281909302167652,CT,0.4032496307237814,4.519940915805022
210,COUNTY,TEXAS,48,SOUTH TEXAS,96,DUVAL,131.0,0.0,0.0,0.0,17700.0,0.0,31000.0,64.516,27.6708701,-98.5121975,0.0,831900.0,1457000.0,0.4,0.0,0.0,0.0,0.0,0.0,0.0,0.0,0.0,0.0,0.0,0.0,0.0,2288.9,0.0,0.0,0.0,CT,0.0,0.0
211,COUNTY,TEXAS,48,UPPER COAST,90,JEFFERSON,245.0,0.0,0.0,0.0,24000.0,0.0,37500.0,152.1206,29.834772,-94.1704496,0.0,1128000.0,1762500.0,0.5,0.0,0.0,0.0,0.0,0.0,0.0,0.0,0.0,0.0,0.0,0.0,0.0,2890.5,0.0,0.0,0.0,CT,0.0,0.0
212,COUNTY,TEXAS,48,COASTAL BEND,82,ARANSAS,7.0,0.0,0.0,0.0,900.0,0.0,2800.0,91.3384,28.1987876,-96.947708,0.0,42300.0,131600.0,0.4,0.0,0.0,0.0,0.0,0.0,0.0,0.0,0.0,0.0,0.0,0.0,0.0,173.9,0.0,0.0,0.0,CT,0.0,0.0
213,COUNTY,TEXAS,48,CROSS TIMBERS,30,HOOD,221.0,0.0,0.0,0.0,12800.0,0.0,22500.0,84.074,32.4107555,-97.828282,0.0,601600.0,1057500.0,0.4,0.0,0.0,0.0,0.0,0.0,0.0,0.0,0.0,0.0,0.0,0.0,0.0,1659.1000000000001,0.0,0.0,0.0,CT,0.0,0.0
214,COUNTY,TEXAS,48,CROSS TIMBERS,30,JACK,237.0,0.0,0.0,0.0,19800.0,0.0,38500.0,79.8576,33.2127019,-98.1639199,0.0,930600.0,1809500.0,0.4,0.0,0.0,0.0,0.0,0.0,0.0,0.0,0.0,0.0,0.0,0.0,0.0,2740.1,0.0,0.0,0.0,CT,0.0,0.0
215,COUNTY,TEXAS,48,CROSS TIMBERS,30,PALO PINTO,363.0,0.0,0.0,0.0,21500.0,0.0,43500.0,80.7466,32.7215726,-98.2814881,0.0,1010500.0,2044500.0,0.4,0.0,0.0,0.0,0.0,0.0,0.0,0.0,0.0,0.0,0.0,0.0,0.0,3055.0,0.0,0.0,0.0,CT,0.0,0.0
216,COUNTY,TEXAS,48,CROSS TIMBERS,30,SOMERVELL,425.0,0.0,0.0,0.0,3900.0,0.0,7400.0,88.4428,32.2275813,-97.7724138,0.0,183300.0,347800.0,0.4,0.0,0.0,0.0,0.0,0.0,0.0,0.0,0.0,0.0,0.0,0.0,0.0,531.1,0.0,0.0,0.0,CT,0.0,0.0
217,COUNTY,TEXAS,48,EAST TEXAS NORTH,51,CAMP,63.0,0.0,0.0,0.0,0.0,0.0,21000.0,114.554,32.9723128,-94.9852858,0.0,0.0,987000.0,0.45,0.0,0.0,0.0,0.0,0.0,0.0,0.0,0.0,0.0,0.0,0.0,0.0,987.0,0.0,0.0,0.0,CT,0.0,0.0
218,COUNTY,TEXAS,48,EAST TEXAS NORTH,51,CHEROKEE,73.0,0.0,0.0,0.0,0.0,0.0,55000.0,123.19,31.8390826,-95.1791849,0.0,0.0,2585000.0,0.45,0.0,0.0,0.0,0.0,0.0,0.0,0.0,0.0,0.0,0.0,0.0,0.0,2585.0,0.0,0.0,0.0,CT,0.0,0.0
219,COUNTY,TEXAS,48,EAST TEXAS NORTH,51,GREGG,183.0,0.0,0.0,0.0,5000.0,0.0,8500.0,124.6124,32.4492408,-94.8532848,0.0,235000.0,399500.0,0.45,0.0,0.0,0.0,0.0,0.0,0.0,0.0,0.0,0.0,0.0,0.0,0.0,634.5,0.0,0.0,0.0,CT,0.0,0.0
220,COUNTY,TEXAS,48,EAST TEXAS NORTH,51,MARION,315.0,0.0,0.0,0.0,2800.0,0.0,4800.0,125.1204,32.7931661,-94.344488,0.0,131600.0,225600.0,0.45,0.0,0.0,0.0,0.0,0.0,0.0,0.0,0.0,0.0,0.0,0.0,0.0,357.2,0.0,0.0,0.0,CT,0.0,0.0
221,COUNTY,TEXAS,48,EAST TEXAS NORTH,51,MORRIS,343.0,0.0,0.0,0.0,10300.0,0.0,16100.0,123.8504,33.0738633,-94.7392197,0.0,484100.0,756700.0,0.45,0.0,0.0,0.0,0.0,0.0,0.0,0.0,0.0,0.0,0.0,0.0,0.0,1240.8,0.0,0.0,0.0,CT,0.0,0.0
222,COUNTY,TEXAS,48,EAST TEXAS NORTH,51,RAINS,379.0,0.0,0.0,0.0,11600.0,2700.0,25000.0,110.49,32.8685085,-95.7964017,318600.0,545200.0,1175000.0,0.45,0.0,0.0,0.0,0.0,0.0,0.0,0.0,0.0,0.0,0.0,0.0,0.0,2038.8,0.0,0.0,0.0,CT,0.0,0.0
223,COUNTY,TEXAS,48,EAST TEXAS NORTH,51,UPSHUR,459.0,0.0,0.0,0.0,23000.0,3300.0,51000.0,119.5832,32.7263725,-94.9286251,389400.0,1081000.0,2397000.0,0.45,0.0,0.0,0.0,0.0,0.0,0.0,0.0,0.0,0.0,0.0,0.0,0.0,3867.4,0.0,0.0,0.0,CT,0.0,0.0
224,COUNTY,TEXAS,48,EAST TEXAS NORTH,51,VAN ZANDT,467.0,0.0,0.0,0.0,43500.0,8400.0,90000.0,110.9472,32.5375642,-95.8292165,991200.0,2044500.0,4230000.0,0.45,0.0,0.0,0.0,0.0,0.0,0.0,0.0,0.0,0.0,0.0,0.0,0.0,7265.7,0.0,0.0,0.0,CT,0.0,0.0
225,COUNTY,TEXAS,48,EAST TEXAS SOUTH,52,ANGELINA,5.0,0.0,0.0,0.0,11200.0,0.0,19500.0,118.4148,31.2544545,-94.6181177,0.0,526400.0,916500.0,0.45,0.0,0.0,0.0,0.0,0.0,0.0,0.0,0.0,0.0,0.0,0.0,0.0,1442.9,0.0,0.0,0.0,CT,0.0,0.0
226,COUNTY,TEXAS,48,EAST TEXAS SOUTH,52,TYLER,457.0,0.0,0.0,0.0,0.0,0.0,14200.0,139.1666,30.7563939,-94.3984613,0.0,0.0,667400.0,0.45,0.0,0.0,0.0,0.0,0.0,0.0,0.0,0.0,0.0,0.0,0.0,0.0,667.4,0.0,0.0,0.0,CT,0.0,0.0
227,COUNTY,TEXAS,48,EDWARDS PLATEAU,70,BANDERA,19.0,0.0,0.0,0.0,5400.0,0.0,9200.0,90.8812,29.7643475,-99.234526,0.0,253800.0,432400.0,0.4,0.0,0.0,0.0,0.0,0.0,0.0,0.0,0.0,0.0,0.0,0.0,0.0,686.2,0.0,0.0,0.0,CT,0.0,0.0
228,COUNTY,TEXAS,48,EDWARDS PLATEAU,70,CROCKETT,105.0,0.0,0.0,0.0,10000.0,0.0,17700.0,48.133,30.6517377,-101.3766686,0.0,470000.0,831900.0,0.4,0.0,0.0,0.0,0.0,0.0,0.0,0.0,0.0,0.0,0.0,0.0,0.0,1301.9,0.0,0.0,0.0,CT,0.0,0.0
229,COUNTY,TEXAS,48,EDWARDS PLATEAU,70,KERR,265.0,0.0,0.0,0.0,6800.0,0.0,12200.0,82.804,30.045717,-99.3884839,0.0,319600.0,573400.0,0.4,0.0,0.0,0.0,0.0,0.0,0.0,0.0,0.0,0.0,0.0,0.0,0.0,893.0,0.0,0.0,0.0,CT,0.0,0.0
230,COUNTY,TEXAS,48,EDWARDS PLATEAU,70,KIMBLE,267.0,0.0,0.0,0.0,8200.0,0.0,15000.0,59.0296,30.4744131,-99.8199792,0.0,385400.0,705000.0,0.4,0.0,0.0,0.0,0.0,0.0,0.0,0.0,0.0,0.0,0.0,0.0,0.0,1090.4,0.0,0.0,0.0,CT,0.0,0.0
231,COUNTY,TEXAS,48,EDWARDS PLATEAU,70,LAMPASAS,281.0,0.0,0.0,0.0,0.0,0.0,28000.0,78.9432,31.1761363,-98.240563,0.0,0.0,1316000.0,0.4,0.0,0.0,0.0,0.0,0.0,0.0,0.0,0.0,0.0,0.0,0.0,0.0,1316.0,0.0,0.0,0.0,CT,0.0,0.0
232,COUNTY,TEXAS,48,EDWARDS PLATEAU,70,MASON,319.0,0.0,0.0,0.0,20500.0,0.0,38500.0,70.993,30.705029,-99.2233284,0.0,963500.0,1809500.0,0.4,0.0,0.0,0.0,0.0,0.0,0.0,0.0,0.0,0.0,0.0,0.0,0.0,2773.0,0.0,0.0,0.0,CT,0.0,0.0
233,COUNTY,TEXAS,48,EDWARDS PLATEAU,70,MENARD,327.0,0.0,0.0,0.0,10000.0,0.0,16000.0,63.246,30.8573562,-99.8320637,0.0,470000.0,752000.0,0.4,0.0,0.0,0.0,0.0,0.0,0.0,0.0,0.0,0.0,0.0,0.0,0.0,1222.0,0.0,0.0,0.0,CT,0.0,0.0
234,COUNTY,TEXAS,48,EDWARDS PLATEAU,70,REAL,385.0,0.0,0.0,0.0,1500.0,0.0,2400.0,71.0946,29.7949383,-99.8280905,0.0,70500.0,112800.0,0.4,0.0,0.0,0.0,0.0,0.0,0.0,0.0,0.0,0.0,0.0,0.0,0.0,183.3,0.0,0.0,0.0,CT,0.0,0.0
235,COUNTY,TEXAS,48,EDWARDS PLATEAU,70,STERLING,431.0,0.0,0.0,0.0,7300.0,0.0,13000.0,49.276,31.8151416,-101.0452671,0.0,343100.0,611000.0,0.4,0.0,0.0,0.0,0.0,0.0,0.0,0.0,0.0,0.0,0.0,0.0,0.0,954.1,0.0,0.0,0.0,CT,0.0,0.0
236,COUNTY,TEXAS,48,EDWARDS PLATEAU,70,SUTTON,435.0,0.0,0.0,0.0,8000.0,0.0,13500.0,56.896,30.51216325,-100.53841807826248,0.0,376000.0,634500.0,0.4,0.0,0.0,0.0,0.0,0.0,0.0,0.0,0.0,0.0,0.0,0.0,0.0,1010.5,0.0,0.0,0.0,CT,0.0,0.0
237,COUNTY,TEXAS,48,EDWARDS PLATEAU,70,VAL VERDE,465.0,0.0,0.0,0.0,5800.0,0.0,9300.0,47.752,29.9153286,-101.1284631,0.0,272600.0,437100.0,0.4,0.0,0.0,0.0,0.0,0.0,0.0,0.0,0.0,0.0,0.0,0.0,0.0,709.7,0.0,0.0,0.0,CT,0.0,0.0
238,COUNTY,TEXAS,48,SOUTH TEXAS,96,BROOKS,47.0,0.0,0.0,0.0,11900.0,0.0,26000.0,56.7436,26.9879856,-98.2071041,0.0,559300.0,1222000.0,0.4,0.0,0.0,0.0,0.0,0.0,0.0,0.0,0.0,0.0,0.0,0.0,0.0,1781.3,0.0,0.0,0.0,CT,0.0,0.0
239,COUNTY,TEXAS,48,SOUTH TEXAS,96,JIM HOGG,247.0,0.0,0.0,0.0,12000.0,0.0,23500.0,60.325,27.0065425,-98.7047316,0.0,564000.0,1104500.0,0.4,0.0,0.0,0.0,0.0,0.0,0.0,0.0,0.0,0.0,0.0,0.0,0.0,1668.5,0.0,0.0,0.0,CT,0.0,0.0
240,COUNTY,TEXAS,48,SOUTH TEXAS,96,KENEDY,261.0,0.0,0.0,0.0,21500.0,0.0,37000.0,70.866,26.9205171,-97.7461361,0.0,1010500.0,1739000.0,0.4,0.0,0.0,0.0,0.0,0.0,0.0,0.0,0.0,0.0,0.0,0.0,0.0,2749.5,0.0,0.0,0.0,CT,0.0,0.0
241,COUNTY,TEXAS,48,SOUTH TEXAS,96,MAVERICK,323.0,0.0,0.0,0.0,5900.0,0.0,27000.0,54.5592,28.792861,-100.3110817,0.0,277300.0,1269000.0,0.4,0.0,0.0,0.0,0.0,0.0,0.0,0.0,0.0,0.0,0.0,0.0,0.0,1546.3,0.0,0.0,0.0,CT,0.0,0.0
242,COUNTY,TEXAS,48,SOUTH TEXAS,96,WEBB,479.0,0.0,0.0,0.0,23500.0,0.0,47500.0,54.6862,27.6983621,-99.2523577,0.0,1104500.0,2232500.0,0.4,0.0,0.0,0.0,0.0,0.0,0.0,0.0,0.0,0.0,0.0,0.0,0.0,3337.0,0.0,0.0,0.0,CT,0.0,0.0
243,COUNTY,TEXAS,48,TRANS-PECOS,60,CRANE,103.0,0.0,0.0,0.0,1800.0,0.0,3200.0,39.0652,31.4486118,-102.5163544,0.0,84600.0,150400.0,0.4,0.0,0.0,0.0,0.0,0.0,0.0,0.0,0.0,0.0,0.0,0.0,0.0,235.0,0.0,0.0,0.0,CT,0.0,0.0
244,COUNTY,TEXAS,48,TRANS-PECOS,60,CULBERSON,109.0,0.0,0.0,0.0,8300.0,0.0,15000.0,30.4292,31.4622625,-104.482834,0.0,390100.0,705000.0,0.4,0.0,0.0,0.0,0.0,0.0,0.0,0.0,0.0,0.0,0.0,0.0,0.0,1095.1000000000001,0.0,0.0,0.0,CT,0.0,0.0
245,COUNTY,TEXAS,48,TRANS-PECOS,60,ECTOR,135.0,0.0,0.0,0.0,4000.0,0.0,8500.0,33.7566,31.8941755,-102.5794339,0.0,188000.0,399500.0,0.4,0.0,0.0,0.0,0.0,0.0,0.0,0.0,0.0,0.0,0.0,0.0,0.0,587.5,0.0,0.0,0.0,CT,0.0,0.0
246,COUNTY,TEXAS,48,TRANS-PECOS,60,JEFF DAVIS,243.0,0.0,0.0,0.0,15600.0,0.0,28500.0,40.2844,30.7018281,-104.1501698,0.0,733200.0,1339500.0,0.4,0.0,0.0,0.0,0.0,0.0,0.0,0.0,0.0,0.0,0.0,0.0,0.0,2072.7,0.0,0.0,0.0,CT,0.0,0.0
247,COUNTY,TEXAS,48,TRANS-PECOS,60,LOVING,301.0,0.0,0.0,0.0,1500.0,0.0,2600.0,23.114,31.8364044,-103.5663536,0.0,70500.0,122200.0,0.35,0.0,0.0,0.0,0.0,0.0,0.0,0.0,0.0,0.0,0.0,0.0,0.0,192.70000000000002,0.0,0.0,0.0,CT,0.0,0.0
248,COUNTY,TEXAS,48,TRANS-PECOS,60,PRESIDIO,377.0,0.0,0.0,0.0,17200.0,0.0,28000.0,40.1066,29.9883766,-104.233655,0.0,808400.0,1316000.0,0.4,0.0,0.0,0.0,0.0,0.0,0.0,0.0,0.0,0.0,0.0,0.0,0.0,2124.4,0.0,0.0,0.0,CT,0.0,0.0
249,COUNTY,TEXAS,48,TRANS-PECOS,60,TERRELL,443.0,0.0,0.0,0.0,2900.0,0.0,5100.0,37.9476,30.1990738,-102.0974881,0.0,136300.0,239700.0,0.4,0.0,0.0,0.0,0.0,0.0,0.0,0.0,0.0,0.0,0.0,0.0,0.0,376.0,0.0,0.0,0.0,CT,0.0,0.0
250,COUNTY,TEXAS,48,TRANS-PECOS,60,WARD,475.0,0.0,0.0,0.0,2200.0,0.0,4200.0,33.6042,31.5007583,-103.0781186,0.0,103400.0,197400.0,0.4,0.0,0.0,0.0,0.0,0.0,0.0,0.0,0.0,0.0,0.0,0.0,0.0,300.8,0.0,0.0,0.0,CT,0.0,0.0
251,COUNTY,TEXAS,48,TRANS-PECOS,60,WINKLER,495.0,0.0,0.0,0.0,2800.0,0.0,6200.0,32.8168,31.8005913,-103.0762299,0.0,131600.0,291400.0,0.4,0.0,0.0,0.0,0.0,0.0,0.0,0.0,0.0,0.0,0.0,0.0,0.0,423.0,0.0,0.0,0.0,CT,0.0,0.0
252,COUNTY,TEXAS,48,UPPER COAST,90,GALVESTON,167.0,0.0,0.0,0.0,7200.0,0.0,10500.0,111.3536,29.3872254,-94.992736,0.0,338400.0,493500.0,0.45,0.0,0.0,0.0,0.0,0.0,0.0,0.0,0.0,0.0,0.0,0.0,0.0,831.9,0.0,0.0,0.0,CT,0.0,0.0
