,Geo Level,State,State ANSI,Ag District,Ag District Code,County,County ANSI,COTTON-AREA-ACRES,CORN-GRAIN-ACRES,SORGHUM-ACRES,"Mean Annual
Precipitation (cm.)",Latitude,Longitude,Lime-cotton-tonnes,Lime-corn-tonnes,Lime-sorghum-tonnes,E-cotton-CO2,E-corn-CO2,E-sorghum-CO2,Urea_tonne_cotton,E-cotton-urea-CO2,Urea_tonne_corn,E-corn-urea-CO2,Urea_tonne_sorghum,E-sorghum-urea-CO2,E-N2O-cotton,E-N2O-corn,E-N2O-sorghum,Tillage,E-N20-T,E-CO2-T,CO2,N2O
0,COUNTY,TEXAS,48,BLACKLANDS,40,BELL,27,6261,67409,7264,90.9574,31.0081659,-97.4314413,1013.495618,10911.79143,1175.855642,401.7091233,4324.997651,466.0621421,684.1099937,502.1367354,4586.427469,3366.437762,65.89789661,48.36905611,720.0986261,7460.996111,107.1997657,CT,108.7886854,1219.38966,10329.10213,8397.083188
1,COUNTY,TEXAS,48,BLACKLANDS,40,BOSQUE,35,6243,3965,1299,89.0778,31.8778358,-97.6561014,1010.581879,641.831996,210.2748456,400.5542336,254.3965299,83.3445378,682.1432185,500.6931224,269.773842,198.014,11.78432925,8.649697672,718.0283857,438.8560812,19.17022243,CT,15.46731167,173.3698671,1619.021988,1191.522001
2,COUNTY,TEXAS,48,BLACKLANDS,40,COLLIN,85,840,22840,7102,104.1654,33.1609629,-96.6060984,152.971308,4159.362708,1293.335987,60.63170764,1648.605003,512.626652,91.78284535,67.36860849,1554.006192,1140.640545,32.2139618,23.64504796,96.6112196,2527.98812,52.40423953,CT,41.37610044,463.7760709,3917.293635,2718.379679
3,COUNTY,TEXAS,48,BLACKLANDS,40,COOKE,97,0,3002,4870,93.726,33.582486,-97.2055298,0,485.9469488,788.328328,0,192.6099326,312.4618161,0,0,204.2524776,149.9213186,44.17989489,32.42804285,0,332.2688413,71.869887,CT,10.58127031,118.6032496,806.0243598,414.7199986
4,COUNTY,TEXAS,48,BLACKLANDS,40,CORYELL,99,0,1657,4705,84.9122,31.3689333,-97.8184077,0,268.2258808,761.619052,0,106.3140101,301.8753275,0,0,112.7402916,82.75137403,42.68304014,31.32935146,0,183.4008894,69.4348703,CT,8.551580502,95.85288035,618.1229434,261.3873402
5,COUNTY,TEXAS,48,BLACKLANDS,40,DELTA,119,0,10176,1000,114.3,33.3926893,-95.6749486,0,1853.138131,182.1087,0,734.5098297,72.18060433,0,0,692.3628288,508.1943163,4.5359,3.3293506,0,1126.30504,7.378800272,CT,15.02239291,168.3828656,1486.596967,1148.706233
6,COUNTY,TEXAS,48,BLACKLANDS,40,DENTON,121,3310,1576,9346,95.9866,33.1838787,-97.1413417,535.804264,255.1140544,1512.878142,212.3713781,101.1170066,599.6443805,361.6681168,265.4643977,107.2291488,78.70619522,84.78548206,62.23254383,380.6942106,174.4356076,137.9252493,CT,19.13016248,214.425997,1533.961899,712.1852299
7,COUNTY,TEXAS,48,BLACKLANDS,40,ELLIS,139,24348,65161,5191,98.5774,32.3347829,-96.7920233,3941.317891,10547.89778,840.2900104,1562.180759,4180.764763,333.0573485,2660.391332,1952.727237,4433.476247,3254.171565,47.09195778,34.56549701,2800.345208,7212.181869,76.60710132,CT,127.2924668,1426.794682,12744.26185,10216.42664
8,COUNTY,TEXAS,48,BLACKLANDS,40,FALLS,145,4676,66617,2455,96.4946,31.2320941,-96.9262126,756.9246944,10783.5869,397.401652,300.0146719,4274.182506,157.5141188,510.9245058,375.0185872,4532.54074,3326.884903,22.27138439,16.34719614,537.8024558,7373.335577,36.23009704,CT,99.12951256,1111.122009,9561.083991,8046.497643
9,COUNTY,TEXAS,48,BLACKLANDS,40,FANNIN,147,2965,24974,0,113.1824,33.5372542,-96.0902822,539.9522955,4547.982674,0,214.0154918,1802.638413,0,323.971591,237.7951478,1699.200991,1247.213528,0,0,341.0146025,2764.184558,0,CT,37.55463811,420.9420975,3922.604677,3142.753799
10,COUNTY,TEXAS,48,BLACKLANDS,40,GRAYSON,181,0,33034,7181,106.7816,33.5636114,-96.6702111,0,6015.778796,1307.722575,0,2384.414084,518.3289197,0,0,2247.593719,1649.73379,32.5722979,23.90806666,0,3656.285444,52.98716476,CT,54.055613,605.8980798,5182.28294,3763.328222
11,COUNTY,TEXAS,48,BLACKLANDS,40,HAMILTON,193,742,0,1335,72.6186,31.6429346,-97.9715967,120.1108048,0,216.102324,47.60711859,0,85.65431714,81.07484673,59.5089375,0,0,12.11091575,8.889412157,85.33991065,0,19.7014988,CT,2.79183161,31.29305761,232.952843,107.8332411
12,COUNTY,TEXAS,48,BLACKLANDS,40,HILL,217,20690,102992,3587,94.361,31.9595085,-97.0881654,3349.181336,16671.7682,580.6434728,1327.481514,6608.022046,230.1438469,2260.698893,1659.352988,7007.45209,5143.469834,32.54071519,23.88488495,2379.62635,11399.41123,52.93578741,CT,171.0705908,1917.494535,16909.84965,14003.04396
13,COUNTY,TEXAS,48,BLACKLANDS,40,HUNT,231,5561,8275,363,110.998,33.1161567,-96.0808922,1012.706481,1506.949493,66.1054581,401.3963407,597.2945008,26.20155937,607.6242893,445.9962283,563.02107,413.2574654,1.6465317,1.208554268,639.5892764,915.8976222,2.678504499,CT,19.08580502,213.9288035,2099.283452,1577.251208
14,COUNTY,TEXAS,48,BLACKLANDS,40,JOHNSON,251,3634,21843,2585,92.075,32.3766071,-97.3568623,588.2515696,3535.822519,418.445324,233.1593921,1401.458614,165.8549886,397.0700714,291.4494324,1486.171508,1090.849887,23.4507245,17.21283178,417.9585381,2417.637675,38.14859505,CT,37.71997046,422.7952733,3622.780419,2911.464779
15,COUNTY,TEXAS,48,BLACKLANDS,40,KAUFMAN,257,0,10058,0,98.806,32.601641,-96.3375126,0,1628.132715,0,0,645.326683,0,0,0,684.3342504,502.3013398,0,0,0,1113.244506,0,CT,13.51961595,151.5385524,1299.166575,1126.764122
16,COUNTY,TEXAS,48,BLACKLANDS,40,LAMAR,277,5607,14465,0,121.4628,33.6383552,-95.582343,1021.083481,2634.202346,0,404.7166485,1044.092442,0,612.6504927,449.6854616,984.181242,722.3890316,0,0,644.8798909,1601.022248,0,CT,26.98008863,302.4141802,2923.297764,2272.882228
17,COUNTY,TEXAS,48,BLACKLANDS,40,LIMESTONE,293,4687,7114,637,105.156,31.5261854,-96.580617,853.5434769,1295.521292,116.0032419,338.3104925,513.4928192,45.97904496,512.126424,375.9007952,484.0280232,355.276569,2.8893683,2.120796332,539.0676027,787.3952489,4.700295774,CT,16.71872969,187.3967504,1818.477268,1347.881877
18,COUNTY,TEXAS,48,BLACKLANDS,40,MCLENNAN,309,11308,88312,5243,84.6836,31.5487691,-97.2189254,1830.475715,14295.45201,848.7074792,725.5273545,5666.14536,336.3936965,1235.571923,906.9097914,6008.642506,4410.343599,47.56369382,34.91175126,1300.571037,9774.592244,77.37450052,CT,140.9532201,1579.915214,13660.14677,11293.491
19,COUNTY,TEXAS,48,BLACKLANDS,40,MILAM,331,13473,45752,10072,90.2208,30.7626867,-96.9981706,2180.933791,7406.077549,1630.398957,864.4349175,2935.472897,646.2249305,1472.13128,1080.54436,3112.911178,2284.876804,91.37164298,67.06678595,1549.574954,5063.945379,148.6393228,CT,93.1466322,1044.061152,8922.681847,6855.306289
20,COUNTY,TEXAS,48,BLACKLANDS,40,NAVARRO,349,26852,26127,5813,100.2792,32.0279525,-96.4985456,4889.982812,4757.954005,1058.597873,1938.193588,1885.862649,419.585853,2933.991623,2153.549851,1777.649728,1304.7949,26.3671867,19.35351504,3088.338653,2891.801471,42.89296598,CT,79.0261743,885.7878877,8607.128244,6102.059265
21,COUNTY,TEXAS,48,BLACKLANDS,40,ROCKWALL,397,0,4620,5044,100.076,32.8923464,-96.4066987,0,841.342194,918.5562828,0,333.474392,364.0789683,0,0,314.339256,230.7250139,22.8790796,16.79324443,0,511.3531136,37.21866857,CT,12.99001477,145.6023634,1090.673982,561.5617969
22,COUNTY,TEXAS,48,BLACKLANDS,40,WILLIAMSON,491,27204,108423,8970,89.1794,30.6580927,-97.6041649,4403.631178,17550.90807,1452.013368,1745.423254,6956.477923,575.5200185,2972.453006,2181.780506,7376.970812,5414.696576,81.37446759,59.72885921,3128.823355,12000.52784,132.3763627,CT,194.3622895,2178.566322,19112.19346,15456.08985
23,COUNTY,TEXAS,48,COASTAL BEND,82,KLEBERG,273,28928,6362,24655,73.7362,27.3983129,-97.7485096,4682.702643,1029.844933,3991.013332,1856.03602,408.1893376,1581.878044,3160.826369,2320.046555,432.8628456,317.7213287,223.6663878,164.1711286,3327.106382,704.1620148,363.8505265,CT,80.57599705,903.1595273,7551.201941,4475.69492
24,COUNTY,TEXAS,48,COASTAL BEND,82,NUECES,355,128293,24820,142457,81.9404,27.7153774,-97.6199942,20767.3524,4017.722608,23060.1414,8231.347797,1592.464533,9140.117646,14017.97212,10289.19153,1688.723016,1239.522694,1292.348108,948.5835113,14755.40857,2747.139454,2102.334393,CT,397.2949778,4453.196455,35894.42417,20002.17739
25,COUNTY,TEXAS,48,COASTAL BEND,82,REFUGIO,391,22920,3811,24774,101.854,28.3171012,-97.2394101,4173.931404,694.0162557,4511.560934,1654.379451,275.0802831,1788.202292,2504.360495,1838.200603,259.2958668,190.3231662,112.3723866,82.48133176,2636.106135,421.8109774,182.8023979,CT,69.23124077,775.9985229,6604.66565,3309.950751
26,COUNTY,TEXAS,48,COASTAL BEND,82,SAN PATRICIO,409,98021,19756,85707,90.2716,28.0003594,-97.50204409,15867.09056,3197.990646,13873.7692,6289.080015,1267.555573,5499.00716,10710.2932,7861.355205,1344.174533,986.6241071,777.5207908,570.7002605,11273.72423,2186.643314,1264.836223,CT,273.5161595,3065.785524,25540.10785,14998.71993
27,COUNTY,TEXAS,48,CROSS TIMBERS,30,ARCHER,9,0,0,0,75.6412,33.5816594,-98.7044869,0,0,0,0,0,0,0,0,0,0,0,0,0,0,0,CT,0,0,0,0
28,COUNTY,TEXAS,48,CROSS TIMBERS,30,BROWN,49,1358,0,0,64.5668,31.7525184,-98.9904722,219.8254352,0,0,87.1300095,0,0,148.3822666,108.9125837,0,0,0,0,156.1881384,0,0,CT,1.825376662,20.46026588,216.5028591,158.013515
29,COUNTY,TEXAS,48,CROSS TIMBERS,30,CALLAHAN,59,0,0,0,88.3412,32.2810409,-99.3612437,0,0,0,0,0,0,0,0,0,0,0,0,0,0,0,CT,0,0,0,0
30,COUNTY,TEXAS,48,CROSS TIMBERS,30,CLAY,77,2617,0,520,80.4164,33.6856157,-98.2123296,423.6253048,0,84.174688,167.9081258,0,33.36347934,285.9472694,209.8852957,0,0,4.71736044,3.462542563,300.9899544,0,7.673992041,CT,4.216646972,47.26351551,461.8829589,312.8805934
31,COUNTY,TEXAS,48,CROSS TIMBERS,30,COMANCHE,93,6050,1060,781,79.0448,31.9130171,-98.527388,979.34012,171.586864,126.4239064,388.17125,68.01016942,50.10937954,661.0550171,485.2143825,72.121128,52.93690795,7.085112507,5.20047258,695.8308079,117.3234416,11.52574574,CT,10.60680945,118.8895126,1168.532075,835.2868047
32,COUNTY,TEXAS,48,CROSS TIMBERS,30,EASTLAND,133,0,0,0,69.9262,32.2978594,-98.8630896,0,0,0,0,0,0,0,0,0,0,0,0,0,0,0,CT,0,0,0,0
33,COUNTY,TEXAS,48,CROSS TIMBERS,30,ERATH,143,195,0,1449,75.4634,32.1954856,-98.2213499,31.565508,0,234.5560056,12.51130475,0,92.96861838,21.30673196,15.63914126,0,0,13.1451063,9.648508026,22.42760455,0,21.38387398,CT,2.209807976,24.76927622,155.5368486,46.0212865
34,COUNTY,TEXAS,48,CROSS TIMBERS,30,PARKER,367,0,21,0,88.138,32.77725975,-97.80455987,0,3.3993624,0,0,1.347371281,0,0,0,1.4288148,1.048750063,0,0,0,2.324332334,0,CT,0.028227474,0.316395864,2.712517208,2.352559809
35,COUNTY,TEXAS,48,CROSS TIMBERS,30,SHACKELFORD,417,0,0,0,72.263,32.7088752,-99.3307616,0,0,0,0,0,0,0,0,0,0,0,0,0,0,0,CT,0,0,0,0
36,COUNTY,TEXAS,48,CROSS TIMBERS,30,THROCKMORTON,447,2681,0,0,67.564,33.1571081,-99.2017838,433.9852664,0,0,172.0144002,0,0,292.9402481,215.0181421,0,0,0,0,308.3508092,0,0,CT,3.603707533,40.39320532,427.4257476,311.9545168
37,COUNTY,TEXAS,48,CROSS TIMBERS,30,WISE,497,0,16,904,86.4108,33.2139213,-97.6563925,0,2.5899904,146.3344576,0,1.026568595,58.00112561,0,0,1.0886208,0.799047667,8.200949688,6.019497071,0,1.770919874,13.34094001,CT,1.236632201,13.86115214,79.70739109,16.34849208
38,COUNTY,TEXAS,48,CROSS TIMBERS,30,YOUNG,503,777,0,0,79.629,33.1508315,-98.6962766,125.7764088,0,0,49.85273739,0,0,84.89913195,62.31596285,0,0,0,0,89.36537813,0,0,CT,1.044416544,11.70664697,123.8753472,90.40979468
39,COUNTY,TEXAS,48,EAST TEXAS NORTH,51,ANDERSON,1,0,2416,0,117.8052,31.7819242,-95.6258199,0,439.9746192,0,0,174.3883401,0,0,0,164.3817408,120.6561977,0,0,0,267.4089009,0,CT,3.247503693,36.40059084,331.4451287,270.6564046
40,COUNTY,TEXAS,48,EAST TEXAS NORTH,51,BOWIE,37,0,3327,0,130.1496,33.4198886,-94.4479626,0,605.8756449,0,0,240.1448706,0,0,0,226.3650876,166.1519743,0,0,0,368.2406513,0,CT,4.472038405,50.12614476,456.4229897,372.7126897
41,COUNTY,TEXAS,48,EAST TEXAS NORTH,51,FRANKLIN,159,0,0,0,121.031,33.2002659,-95.2231752,0,0,0,0,0,0,0,0,0,0,0,0,0,0,0,CT,0,0,0,0
42,COUNTY,TEXAS,48,EAST TEXAS NORTH,51,HARRISON,203,0,0,0,130.0988,32.5233959,-94.3982158,0,0,0,0,0,0,0,0,0,0,0,0,0,0,0,CT,0,0,0,0
43,COUNTY,TEXAS,48,EAST TEXAS NORTH,51,HOPKINS,223,715,0,0,121.1326,33.1368252,-95.5656578,130.2077205,0,0,51.6091321,0,0,78.12468384,57.34351794,0,0,0,0,82.23455002,0,0,CT,0.961078287,10.77252585,119.7251759,83.19562831
44,COUNTY,TEXAS,48,EAST TEXAS NORTH,51,HOUSTON,225,0,0,0,115.5192,29.7589382,-95.3676974,0,0,0,0,0,0,0,0,0,0,0,0,0,0,0,CT,0,0,0,0
45,COUNTY,TEXAS,48,EAST TEXAS SOUTH,52,BRAZOS,41,11527,1788,1428,100.7618,30.6993189,-96.3497772,2099.166985,325.6103556,260.0512236,832.0258261,129.0589205,103.073903,1259.501022,924.47375,121.6533744,89.29357681,6.4772652,4.754312657,1325.758962,197.9002959,10.53692679,CT,19.81703102,222.1249631,2304.805252,1554.013216
46,COUNTY,TEXAS,48,EAST TEXAS SOUTH,52,FREESTONE,161,0,0,0,107.4674,31.6924428,-96.1629601,0,0,0,0,0,0,0,0,0,0,0,0,0,0,0,CT,0,0,0,0
47,COUNTY,TEXAS,48,EAST TEXAS SOUTH,52,GRIMES,185,0,0,0,113.538,30.5169334,-95.9943034,0,0,0,0,0,0,0,0,0,0,0,0,0,0,0,CT,0,0,0,0
48,COUNTY,TEXAS,48,EAST TEXAS SOUTH,52,MADISON,313,0,2749,0,111.76,30.9551586,-95.9507234,0,500.6168163,0,0,198.4244813,0,0,0,187.0386612,137.2863773,0,0,0,304.2661708,0,CT,3.695110783,41.41772526,377.1285839,307.9612816
49,COUNTY,TEXAS,48,EAST TEXAS SOUTH,52,ROBERTSON,395,12309,19593,3746,99.1362,31.0339058,-96.5079742,1992.51199,3171.605119,606.3815024,789.7520522,1257.097405,240.3453723,1344.94648,987.1907165,1333.084208,978.483809,33.98313886,24.94362392,1415.699407,2168.602068,55.28225805,CT,47.91680945,537.0895126,4814.902491,3687.500543
50,COUNTY,TEXAS,48,EAST TEXAS SOUTH,52,SAN JACINTO,407,0,0,0,131.4958,30.5083577,-95.1902362,0,0,0,0,0,0,0,0,0,0,0,0,0,0,0,CT,0,0,0,0
51,COUNTY,TEXAS,48,EAST TEXAS SOUTH,52,WALKER,471,0,0,0,123.2154,30.6795741,-95.5522823,0,0,0,0,0,0,0,0,0,0,0,0,0,0,0,CT,0,0,0,0
52,COUNTY,TEXAS,48,EAST TEXAS SOUTH,52,WALLER,473,0,4399,1672,97.028,29.9443902,-95.9955885,0,712.0854856,270.6539968,0,282.2422031,107.2764182,0,0,299.3026812,219.688168,15.16812818,11.13340609,0,486.8922828,24.67483595,CT,8.16042836,91.46853767,711.808733,519.7275471
53,COUNTY,TEXAS,48,EDWARDS PLATEAU,70,BLANCO,31,0,0,0,88.265,30.2419274,-98.4004594,0,0,0,0,0,0,0,0,0,0,0,0,0,0,0,CT,0,0,0,0
54,COUNTY,TEXAS,48,EDWARDS PLATEAU,70,BURNET,53,0,0,0,97.79,30.7763939,-98.1700016,0,0,0,0,0,0,0,0,0,0,0,0,0,0,0,CT,0,0,0,0
55,COUNTY,TEXAS,48,EDWARDS PLATEAU,70,COKE,81,996,0,0,58.42,31.8695226,-100.5474369,161.2269024,0,0,63.90389504,0,0,108.8282309,79.87992149,0,0,0,0,114.5533032,0,0,CT,1.338788774,15.00620384,158.7900204,115.892092
56,COUNTY,TEXAS,48,EDWARDS PLATEAU,70,CONCHO,95,23660,543,5677,64.77,31.3102947,-99.8507578,3829.948304,87.8977992,918.9609688,1518.03831,34.83917169,364.2393696,2585.216811,1897.549139,36.9450684,27.11768021,51.50087542,37.80164256,2721.216019,60.10059322,83.77933234,CT,40.16366322,450.1861152,4329.771428,2905.259608
57,COUNTY,TEXAS,48,EDWARDS PLATEAU,70,IRION,235,0,0,0,50.546,31.2931196,-100.980073,0,0,0,0,0,0,0,0,0,0,0,0,0,0,0,CT,0,0,0,0
58,COUNTY,TEXAS,48,EDWARDS PLATEAU,70,KINNEY,271,0,0,0,57.8866,29.326416,-100.4165707,0,0,0,0,0,0,0,0,0,0,0,0,0,0,0,CT,0,0,0,0
59,COUNTY,TEXAS,48,EDWARDS PLATEAU,70,LLANO,299,0,0,0,69.4182,30.6663312,-98.6970374,0,0,0,0,0,0,0,0,0,0,0,0,0,0,0,CT,0,0,0,0
60,COUNTY,TEXAS,48,EDWARDS PLATEAU,70,MCCULLOCH,307,5535,900,1013,70.1802,31.1699604,-99.3885277,895.974804,145.68696,163.9787672,355.1285733,57.74448347,64.99462417,604.7833917,443.9110095,61.23492,44.94643128,9.189781011,6.745299262,636.5989292,99.6142429,14.9495268,CT,10.01134417,112.2150665,1085.685487,761.174043
61,COUNTY,TEXAS,48,EDWARDS PLATEAU,70,REAGAN,383,28866,4020,1820,47.7266,31.3458428,-101.5295291,4672.66643,650.735088,294.611408,1852.058066,257.9253595,116.7721777,3154.051921,2315.07411,273.515976,200.7607264,16.51076154,12.11889897,3319.975554,444.9436183,26.85897214,CT,46.65060561,522.8968981,5277.606237,3838.42875
62,COUNTY,TEXAS,48,EDWARDS PLATEAU,70,SAN SABA,411,0,0,0,70.4088,31.122268,-98.8397049,0,0,0,0,0,0,0,0,0,0,0,0,0,0,0,CT,0,0,0,0
63,COUNTY,TEXAS,48,EDWARDS PLATEAU,70,SCHLEICHER,413,9935,0,1052,48.26,30.8791222,-100.5418961,1608.222164,0,170.2918688,637.4349369,0,67.49688512,1085.550677,796.7941968,0,0,9.543583044,7.004989954,1142.657699,0,15.52507621,CT,14.76834564,165.5353028,1674.266312,1172.95112
64,COUNTY,TEXAS,48,EDWARDS PLATEAU,70,TOM GREEN,451,54377,2677,12256,53.1114,31.3782559,-100.4133839,8802.244249,433.3377688,1983.932646,3488.85753,171.757758,786.3515437,5941.518788,4361.07479,182.1398676,133.6906628,111.1845568,81.60946471,6254.081296,296.2970314,180.8700893,CT,93.16410635,1044.257016,10067.59877,6824.412523
65,COUNTY,TEXAS,48,EDWARDS PLATEAU,70,UPTON,461,34569,600,1577,36.703,31.3720387,-102.0386055,5595.836134,97.12464,255.2759288,2217.96561,38.49632231,101.1811671,3777.191882,2772.458841,40.82328,29.96428752,14.30630272,10.5008262,3975.896727,66.40949527,23.27285663,CT,49.3927031,553.6324963,5724.199551,4114.971782
66,COUNTY,TEXAS,48,EDWARDS PLATEAU,70,UVALDE,463,10821,15165,6354,59.182,29.300357,-99.7733181,1751.642882,2454.825276,1028.549938,694.2811729,972.9945464,407.6760533,1182.359726,867.8520386,1031.808402,757.3473671,57.64251584,42.30960663,1244.559533,1678.499993,93.77027967,CT,43.47031019,487.2496307,4229.710416,3060.300115
67,COUNTY,TEXAS,48,LOWER VALLEY,97,CAMERON,61,62127,29631,50269,69.977,26.1291189,-97.4134281,10056.77085,4796.500346,8137.264214,3986.101694,1901.140877,3225.286044,6788.324801,4982.630404,2016.057683,1479.786339,456.0326768,334.7279848,7145.43481,3279.632924,741.8536652,CT,190.9077843,2139.845495,18049.51884,11357.82918
68,COUNTY,TEXAS,48,LOWER VALLEY,97,HIDALGO,215,61267,41516,84012,57.4294,26.3530256,-98.216445,9917.558865,6720.37759,13599.39209,3930.923632,2663.688862,5390.25505,6694.35665,4913.657781,2824.698821,2073.328934,762.1440102,559.4137035,7046.523323,4595.094343,1239.82196,CT,251.0833826,2814.341211,22345.60917,13132.52301
69,COUNTY,TEXAS,48,LOWER VALLEY,97,STARR,427,5400,6317,16162,54.8894,26.5630409,-98.7479897,874.12176,1022.560585,2616.214053,346.4669008,405.3021134,1036.962602,590.0325772,433.0839117,429.8010996,315.4740071,146.6191912,107.6184864,621.072126,699.1813027,238.5135757,CT,37.47398818,420.0381093,3064.946131,1596.240993
70,COUNTY,TEXAS,48,LOWER VALLEY,97,WILLACY,489,69082,16838,85065,71.0438,26.4553947,-97.5947484,11182.6073,2725.641147,13769.84584,4432.33823,1080.335125,5457.816096,7548.264908,5540.426442,1145.637314,840.8977888,771.6966651,566.4253522,7945.352705,1863.671802,1255.361794,CT,229.832127,2576.140325,20494.37936,11294.21843
71,COUNTY,TEXAS,48,NORTHERN HIGH PLAINS,11,ARMSTRONG,11,5878,3790,7194,56.8706,34.9295608,-101.3449139,951.4977232,613.503976,1164.524434,377.1356376,243.1684359,461.5709045,642.2613869,471.419858,257.867052,189.2744162,65.26286732,47.90294461,676.0485105,419.4866451,106.1667284,CT,22.66531758,254.0508124,2044.523009,1224.367202
72,COUNTY,TEXAS,48,NORTHERN HIGH PLAINS,11,BRISCOE,45,35180,0,3574,48.6918,34.4795161,-101.1875029,5694.741392,0,578.5391056,2257.167698,0,229.3097599,3843.952975,2821.461484,0,0,32.42278118,23.79832138,4046.169888,0,52.74393761,CT,52.0917873,583.8859675,5915.623231,4151.005613
73,COUNTY,TEXAS,48,NORTHERN HIGH PLAINS,11,CARSON,65,83179,30309,34031,56.4134,35.3636563,-101.3353895,13464.55072,4906.25119,5508.747706,5336.809322,1944.641722,2183.447241,9088.57773,6671.016054,2062.187989,1513.645984,308.7240253,226.6034345,9566.695994,3354.675653,502.2185061,CT,198.2899409,2222.590547,20098.7543,13621.88009
74,COUNTY,TEXAS,48,NORTHERN HIGH PLAINS,11,CASTRO,69,48683,44464,9714,50.0634,34.4952536,-102.2592314,7880.531415,7197.583322,1572.447922,3123.527432,2852.834125,623.2554582,5319.362214,3904.411865,3025.277203,2220.553467,88.12392176,64.68295857,5599.195243,4921.386329,143.3560744,CT,138.2622009,1549.752142,14339.01745,10802.19985
75,COUNTY,TEXAS,48,NORTHERN HIGH PLAINS,11,DALLAM,111,23513,83958,14457,47.1678,36.3127064,-102.616685,3806.152767,13590.65088,2340.218201,1508.606711,5386.790381,927.5688861,2569.154813,1885.759633,5712.40157,4192.902753,131.1516921,96.26534199,2704.309055,9292.680673,213.3517364,CT,163.8914032,1837.02452,15834.91822,12374.23287
76,COUNTY,TEXAS,48,NORTHERN HIGH PLAINS,11,DEAF SMITH,117,40008,31879,41104,47.371,34.9323974,-102.5983118,6476.270995,5160.393998,6653.685338,2566.934772,2045.373765,2637.25472,4371.485806,3208.670581,2169.008905,1592.052536,372.8891991,273.7006721,4601.454374,3528.447166,606.5995555,CT,151.8785968,1702.37548,14026.36253,8888.379692
77,COUNTY,TEXAS,48,NORTHERN HIGH PLAINS,11,FLOYD,153,193793,12016,7751,53.213,34.0266015,-101.2765537,31370.1256,1945.08279,1254.688474,12433.86298,770.9530148,497.3083237,21174.84875,15542.33898,817.5542208,600.0847981,70.3158861,51.6118604,22288.78343,1329.960825,114.3867544,CT,287.0599705,3217.595273,33113.75523,24020.19098
78,COUNTY,TEXAS,48,NORTHERN HIGH PLAINS,11,GRAY,179,28185,5117,3743,57.7596,35.3711816,-100.7892236,4562.429964,828.3113048,605.8958792,1808.364741,328.3094688,240.1528907,3079.642257,2260.457417,348.1545396,255.5454321,33.95592332,24.92364772,3241.651458,566.3623121,55.23798502,CT,49.79460857,558.1373708,5475.890967,3913.046363
79,COUNTY,TEXAS,48,NORTHERN HIGH PLAINS,11,HALE,189,211914,32612,15373,50.546,34.0321298,-101.8088827,34303.4516,5279.047933,2488.495151,13596.51608,2092.403439,986.3399381,23154.84511,16995.65631,2218.881346,1628.658908,139.4615039,102.3647439,24372.94047,3609.577433,226.8697686,CT,349.3472526,3915.760414,39317.69983,28558.73492
80,COUNTY,TEXAS,48,NORTHERN HIGH PLAINS,11,HANSFORD,195,62209,56399,7662,51.562,36.2563401,-101.3621472,10070.04455,9129.554286,1240.281653,3991.362858,3618.590137,491.5980359,6797.284555,4989.206863,3837.320281,2816.593086,69.50849171,51.01923292,7154.865905,6242.381873,113.0733212,CT,169.7277696,1902.443131,17860.81334,13680.04887
81,COUNTY,TEXAS,48,NORTHERN HIGH PLAINS,11,HARTLEY,205,25288,67135,8972,43.688,35.8418438,-102.6145811,4093.479827,10867.43784,1452.337117,1622.491664,4307.417664,575.6483396,2763.100706,2028.115918,4567.784838,3352.754071,81.39261128,59.74217668,2908.457763,7430.669108,132.4058781,CT,136.2916544,1527.664697,13473.83453,10607.8244
82,COUNTY,TEXAS,48,NORTHERN HIGH PLAINS,11,HEMPHILL,211,0,0,0,55.0672,35.8293476,-100.2564532,0,0,0,0,0,0,0,0,0,0,0,0,0,0,0,CT,0,0,0,0
83,COUNTY,TEXAS,48,NORTHERN HIGH PLAINS,11,HUTCHINSON,233,22744,9354,2863,55.8292,35.8148236,-101.34844,3681.671354,1514.173138,463.4464072,1459.267258,600.1576648,183.691618,2485.129803,1824.085275,636.4349352,467.1432424,25.97269796,19.0639603,2615.863784,1035.324031,42.25122926,CT,46.9933678,526.7388479,5080.147867,3740.432412
84,COUNTY,TEXAS,48,NORTHERN HIGH PLAINS,11,LIPSCOMB,295,2615,10221,11595,57.3278,36.2695629,-100.2711772,423.301556,1654.518242,1876.933668,167.7798047,655.7848506,743.9414286,285.7287388,209.7248943,695.4245748,510.4416379,105.188066,77.20804042,300.7599277,1131.285752,171.1152648,CT,32.83930576,368.0889217,2732.969578,1636.00025
85,COUNTY,TEXAS,48,NORTHERN HIGH PLAINS,11,MOORE,341,33846,46530,20873,45.085,35.8156121,-101.9104355,5478.800942,7532.015832,3378.804351,2171.577542,2985.389795,1339.222893,3698.193076,2714.473718,3165.845364,2323.730497,189.3566624,138.9877902,3892.74207,5150.056358,308.0369921,CT,136.0954062,1525.464993,13198.84723,9486.930826
86,COUNTY,TEXAS,48,NORTHERN HIGH PLAINS,11,OCHILTREE,357,44115,22857,41040,53.0352,36.2559217,-100.8138152,7141.089156,3699.963161,6643.325376,2830.442098,1466.517398,2633.148446,4820.23836,3538.054956,1555.162852,1141.489533,372.3086009,273.274513,5073.81423,2529.869722,605.6550642,CT,145.185997,1627.359527,13510.28647,8354.525013
87,COUNTY,TEXAS,48,NORTHERN HIGH PLAINS,11,OLDHAM,359,1161,0,6321,46.1772,35.3907651,-102.6193428,187.9361784,0,1023.208082,74.49038367,0,405.5587555,126.8570041,93.11304101,0,0,57.34314489,42.08986835,133.5305071,0,93.28327633,CT,10.05704579,112.7273264,727.979375,236.8708292
88,COUNTY,TEXAS,48,NORTHERN HIGH PLAINS,11,PARMER,369,52217,24624,22413,46.6852,34.4901153,-102.768021,8452.595545,3985.995226,3628.090927,3350.27077,1579.889068,1438.03012,5705.505757,4187.841225,1675.387411,1229.73436,203.3273068,149.2422432,6005.652445,2725.445686,330.7638147,CT,133.4137962,1495.407386,13430.41517,9195.275742
89,COUNTY,TEXAS,48,NORTHERN HIGH PLAINS,11,POTTER,375,0,0,1217,50.0634,35.3683354,-101.8776577,0,0,197.0011448,0,0,78.08337375,0,0,0,0,11.0404378,8.103681344,0,0,17.96009291,CT,1.635849335,18.33589365,104.5229487,19.59594225
90,COUNTY,TEXAS,48,NORTHERN HIGH PLAINS,11,RANDALL,381,8060,4118,12414,48.7426,34.9444713,-101.8850309,1304.707664,666.5987792,2009.508802,517.1339297,264.2130921,796.4889086,880.6782542,646.4178386,280.1837784,205.6548933,112.6179087,82.66154495,927.0076548,455.7905025,183.2018023,CT,33.0557164,370.5146233,2883.084831,1599.055676
91,COUNTY,TEXAS,48,NORTHERN HIGH PLAINS,11,ROBERTS,393,0,0,0,59.182,35.8309752,-100.8058034,0,0,0,0,0,0,0,0,0,0,0,0,0,0,0,CT,0,0,0,0
92,COUNTY,TEXAS,48,NORTHERN HIGH PLAINS,11,SHERMAN,421,40929,105588,24168,45.4406,36.2452294,-101.8858689,6625.357318,17091.99415,3912.180499,2626.026626,6774.5828,1550.631863,4472.11914,3282.535448,7184.080814,5273.115318,219.2483983,160.9283243,4707.381675,11686.74298,356.6635378,CT,229.4288774,2571.620384,22239.44076,16980.21707
93,COUNTY,TEXAS,48,NORTHERN HIGH PLAINS,11,SWISHER,437,100398,6182,18019,52.6034,34.47235,-101.7119955,16251.86601,1000.707541,2916.814814,6441.589612,396.6404409,1156.10872,10970.01679,8051.992327,420.6158616,308.7320424,163.4656111,119.9837585,11547.11098,684.2391662,265.9185819,CT,167.4816691,1877.267061,18352.31396,12664.7504
94,COUNTY,TEXAS,48,NORTHERN LOW PLAINS,21,BORDEN,33,57646,0,0,49.9872,32.6879416,-101.425711,9331.411662,0,0,3698.598327,0,0,6298.707027,4623.250958,0,0,0,0,6630.059959,0,0,CT,77.48576071,868.5217134,9190.370998,6707.545719
95,COUNTY,TEXAS,48,NORTHERN LOW PLAINS,21,CHILDRESS,75,36586,0,1875,57.531,34.51965685,-100.2067656,5922.336798,0,303.5145,2347.377413,0,120.3010072,3997.579976,2934.223702,0,0,17.00971313,12.48512943,4207.878667,0,27.67064438,CT,51.69794682,579.4714919,5993.858744,4287.247258
96,COUNTY,TEXAS,48,NORTHERN LOW PLAINS,21,COLLINGSWORTH,87,58681,0,954,57.912,34.9487017,-100.2669137,9498.951666,0,154.4281776,3765.004482,0,61.20915247,6411.796605,4706.258708,0,0,8.654542038,6.352433856,6749.098783,0,14.07882386,CT,80.15930576,898.4889217,9437.313698,6843.336912
97,COUNTY,TEXAS,48,NORTHERN LOW PLAINS,21,COTTLE,101,28417,0,0,61.2394,34.0573118,-100.283259,4599.984825,0,0,1823.249985,0,0,3104.991805,2279.063985,0,0,0,0,3268.334556,0,0,CT,38.19714919,428.14387,4530.45784,3306.531706
98,COUNTY,TEXAS,48,NORTHERN LOW PLAINS,21,DICKENS,125,35951,0,1074,47.4472,33.6170056,-100.7614115,5819.546554,0,173.8531056,2306.635472,0,68.90841694,3928.196516,2883.296242,0,0,9.743163678,7.15148214,4134.845186,0,15.8497451,CT,49.76772526,557.8360414,5823.827655,4200.462656
99,COUNTY,TEXAS,48,NORTHERN LOW PLAINS,21,DONLEY,129,16579,1684,941,60.6806,34.9315007,-100.8145306,2683.715678,272.5964896,152.3238104,1063.717546,108.0463446,60.37506549,1811.509277,1329.64781,114.5773392,84.09976697,8.536608027,6.265870292,1906.80644,186.3893167,13.88697406,CT,25.81335303,289.3364845,2941.488887,2132.896084
100,COUNTY,TEXAS,48,NORTHERN LOW PLAINS,21,FOARD,155,0,0,0,67.056,33.9502317,-99.7310158,0,0,0,0,0,0,0,0,0,0,0,0,0,0,0,CT,0,0,0,0
101,COUNTY,TEXAS,48,NORTHERN LOW PLAINS,21,GARZA,169,41001,0,0,54.0766,33.1414018,-101.287742,6637.012274,0,0,2630.646185,0,0,4479.986241,3288.309901,0,0,0,0,4715.662637,0,0,CT,55.11212703,617.740325,6536.696411,4770.774764
102,COUNTY,TEXAS,48,NORTHERN LOW PLAINS,21,HALL,191,105031,1461,0,57.1754,34.5036637,-100.6536777,17001.83011,236.4984984,0,6738.845381,93.73854483,0,11476.24289,8423.562283,99.4046868,72.96304011,0,0,12079.96786,161.707121,0,CT,143.1428656,1604.458493,16933.56774,12384.81785
103,COUNTY,TEXAS,48,NORTHERN LOW PLAINS,21,HARDEMAN,197,3633,0,0,67.9704,34.2510707,-99.7322571,588.0896952,0,0,233.0952316,0,0,396.9608061,291.3692317,0,0,0,0,417.8435248,0,0,CT,4.883353028,54.73648449,579.2009478,422.7268778
104,COUNTY,TEXAS,48,NORTHERN LOW PLAINS,21,KENT,263,2043,0,0,58.2676,33.1665316,-100.7846477,330.7093992,0,0,131.0799775,0,0,223.2289917,163.8500799,0,0,0,0,234.9722877,0,0,CT,2.746129985,30.78079764,325.710855,237.7184177
105,COUNTY,TEXAS,48,NORTHERN LOW PLAINS,21,KING,269,0,0,0,63.5,33.588178,-100.2178972,0,0,0,0,0,0,0,0,0,0,0,0,0,0,0,CT,0,0,0,0
106,COUNTY,TEXAS,48,NORTHERN LOW PLAINS,21,MOTLEY,345,6243,0,0,58.166,34.0395459,-100.7744062,1010.581879,0,0,400.5542336,0,0,682.1432185,500.6931224,0,0,0,0,718.0283857,0,0,CT,8.391624815,94.05997046,995.3073265,726.4200105
107,COUNTY,TEXAS,48,NORTHERN LOW PLAINS,21,WHEELER,483,13243,962,0,61.7728,35.3921902,-100.2632764,2143.702679,155.7231728,0,849.6779939,61.72243677,0,1447.000263,1062.098193,65.4533256,48.04274099,0,0,1523.121882,106.4765574,0,CT,19.09387001,214.0192024,2235.560567,1648.69231
108,COUNTY,TEXAS,48,NORTHERN LOW PLAINS,21,WICHITA,485,20282,689,4765,73.2282,33.9516534,-98.7088886,3283.136581,111.5314616,771.331516,1301.304015,44.20661012,305.7249597,2216.118654,1626.631092,46.8787332,34.40899017,43.22735096,31.7288756,2332.7009,76.26023707,70.32033092,CT,34.59344165,387.7506647,3731.755207,2513.87491
109,COUNTY,TEXAS,48,NORTHERN LOW PLAINS,21,WILBARGER,487,50100,191,2254,72.517,34.0265157,-99.2085961,8109.90744,30.9180104,364.8648976,3214.442913,12.2546626,144.6178508,5474.191133,4018.056292,12.9954108,9.538631527,20.44794314,15.00879026,5762.169169,21.14035599,33.26380396,CT,70.62917282,791.6676514,8205.586791,5887.202502
110,COUNTY,TEXAS,48,SOUTH CENTRAL,81,AUSTIN,15,2857,6522,853,103.3272,30.2711286,-97.7436995,520.2845559,1187.712941,155.3387211,206.2199866,470.7619015,61.5700555,312.1709395,229.1334696,443.7490536,325.7118053,3.8691227,2.839936062,328.59316,721.8712136,6.294116632,CT,13.75350074,154.1601182,1450.397273,1070.511991
111,COUNTY,TEXAS,48,SOUTH CENTRAL,81,BEE,25,14210,9996,10068,85.0392,28.3871179,-97.7191838,2300.235224,1618.096502,1629.751459,911.7212334,641.3487297,645.9682884,1552.6598,1139.652294,680.1158448,499.2050301,91.3353556,67.04015101,1634.339798,1106.382191,148.5802921,CT,46.06992614,516.3881832,4421.323909,2935.372208
112,COUNTY,TEXAS,48,SOUTH CENTRAL,81,BEXAR,29,645,8829,6230,83.6168,29.4263987,-98.5104781,104.408988,1429.189078,1008.477512,41.38354648,566.4733828,399.7201467,70.47611339,51.72946723,600.7145652,440.9244909,56.51760681,41.4839234,74.18361505,977.2157229,91.94032773,CT,21.108774,236.6038405,1778.318798,1164.44844
113,COUNTY,TEXAS,48,SOUTH CENTRAL,81,BURLESON,51,9262,8618,2802,71.9328,30.4764878,-96.6353488,1499.280693,1395.033579,453.5720688,594.2548954,552.9355095,179.7778252,1012.015135,742.8191093,586.3583784,430.3870497,25.41931529,18.65777743,1065.253709,953.861717,41.35101096,CT,27.80002954,311.6047267,2830.436893,2088.266467
114,COUNTY,TEXAS,48,SOUTH CENTRAL,81,CALDWELL,55,7788,17422,6495,82.3722,29.8298971,-97.5959641,1260.677827,2820.175797,1051.374228,499.6822636,1117.804879,416.722689,850.9580947,624.6032415,1185.371974,870.0630286,58.92164627,43.24848836,895.7240217,1928.310378,95.85111213,CT,42.61676514,477.6824225,4049.807012,2962.502277
115,COUNTY,TEXAS,48,SOUTH CENTRAL,81,COLORADO,89,0,13724,0,113.5888,29.6099609,-96.5478826,0,2499.259799,0,0,990.6066139,0,0,0,933.7644912,685.3831365,0,0,0,1519.006522,0,CT,18.44732644,206.7722304,1882.761981,1537.453848
116,COUNTY,TEXAS,48,SOUTH CENTRAL,81,FAYETTE,149,0,11570,636,102.3874,29.8381635,-96.9559692,0,2106.997659,115.8211332,0,835.1295921,45.90686436,0,0,787.208916,577.8113443,2.8848324,2.117466982,0,1280.596434,4.692916973,CT,16.40688331,183.9013294,1644.866597,1301.696234
117,COUNTY,TEXAS,48,SOUTH CENTRAL,81,GOLIAD,175,0,8698,1700,97.9932,28.6467776,-97.4379552,0,1407.983531,275.18648,0,558.0683524,109.0729132,0,0,591.8014824,434.3822881,15.4221399,11.31985069,0,962.7163164,25.0880509,CT,13.9766322,156.6611521,1269.504557,1001.781
118,COUNTY,TEXAS,48,SOUTH CENTRAL,81,GONZALES,177,0,4039,227,91.4908,29.4436555,-97.5108636,0,653.8107016,36.7454888,0,259.1444097,14.56444194,0,0,274.8087132,201.7095955,2.059309269,1.511533003,0,447.0465856,3.34999268,CT,5.734209749,64.27355982,541.2035399,456.1307881
119,COUNTY,TEXAS,48,SOUTH CENTRAL,81,GUADALUPE,187,1626,24243,16719,87.63,29.6480061,-97.8279576,263.2077744,3924.321079,2706.378094,104.3250335,1555.443903,1072.700021,177.6653649,130.4063779,1649.464628,1210.707037,151.67221,111.3274021,187.0117179,2683.275656,246.7336018,CT,57.24531758,641.6508124,4826.560587,3174.266294
120,COUNTY,TEXAS,48,SOUTH CENTRAL,81,HAYS,209,2328,5310,2385,94.4626,30.0447901,-98.0393127,376.8436032,859.553064,386.070444,149.3657306,340.6924524,153.0228812,254.3696,186.7072864,361.286028,265.1839446,21.6363551,15.88108464,267.7510943,587.7240331,35.19705965,CT,13.47257016,151.011226,1261.864606,904.1447573
121,COUNTY,TEXAS,48,SOUTH CENTRAL,81,KARNES,255,4195,13593,4836,72.136,28.8791858,-97.9062893,679.063108,2200.358719,782.8245984,269.1534535,872.1341819,310.2803578,458.3679003,336.4420388,924.8514084,678.8409338,43.87145209,32.20164584,482.4810312,1504.507115,71.36812598,CT,30.41039882,340.8638109,2839.916423,2088.766671
122,COUNTY,TEXAS,48,SOUTH CENTRAL,81,MEDINA,325,15537,24560,5941,66.802,29.2836281,-99.1126826,2515.042553,3975.635264,961.6958104,996.8622662,1575.782793,381.1777514,1697.654843,1246.078655,1671.032928,1226.538169,53.89584303,39.55954878,1786.962523,2718.362006,87.67535907,CT,61.88268833,693.6301329,6159.629317,4654.882576
123,COUNTY,TEXAS,48,SOUTH CENTRAL,81,TRAVIS,453,1739,14828,5711,85.471,30.2878569,-97.7561392,281.4995816,2400.273603,924.4646984,111.5751742,951.3724454,366.4208279,190.0123429,139.4690597,1008.879326,740.5174256,51.80931822,38.02803957,200.0082272,1641.199993,84.28109336,CT,29.94531758,335.6508124,2683.033785,1955.434631
124,COUNTY,TEXAS,48,SOUTH CENTRAL,81,WASHINGTON,477,0,46,0,112.141,30.2226352,-96.3936114,0,8.3770002,0,0,3.320307799,0,0,0,3.1297848,2.297262043,0,0,0,5.091394637,0,CT,0.06183161,0.693057607,6.31062745,5.153226247
125,COUNTY,TEXAS,48,SOUTH CENTRAL,81,WILSON,493,2972,7000,6379,70.104,29.1589961,-98.1251465,481.0907168,1133.1208,1032.596798,190.6851165,449.1237603,409.2800667,324.7364481,238.3565529,476.2716,349.5833544,57.86931201,42.47607502,341.819696,774.7774448,94.1392216,CT,21.97844904,246.3518464,1925.856772,1232.714811
126,COUNTY,TEXAS,48,SOUTH TEXAS,96,ATASCOSA,13,1883,1125,1179,73.66,28.8554434,-98.5316314,304.8094952,182.1087,190.8499176,120.8142915,72.18060433,75.64527334,205.746545,151.017964,76.54365,56.1830391,10.69570761,7.850649388,216.5701506,124.5178036,17.39930119,CT,5.628020679,63.08330871,546.7751304,364.1152761
127,COUNTY,TEXAS,48,SOUTH TEXAS,96,DIMMIT,127,0,0,0,51.3334,28.3821949,-99.7178226,0,0,0,0,0,0,0,0,0,0,0,0,0,0,0,CT,0,0,0,0
128,COUNTY,TEXAS,48,SOUTH TEXAS,96,FRIO,163,5517,11603,2069,65.3542,28.8352831,-99.1226618,893.0610648,1878.228663,334.9181336,353.9736836,744.4547129,132.7481514,602.8166164,442.4673965,789.4541964,579.4593802,18.76965144,13.77692416,634.5286887,1284.248956,30.53363372,CT,25.79319055,289.1104874,2555.990736,1975.104469
129,COUNTY,TEXAS,48,SOUTH TEXAS,96,JIM WELLS,249,26247,16767,51599,69.9008,27.8067733,-98.1084601,4248.717377,2714.148065,8352.557166,1684.021619,1075.779727,3310.619558,2867.886121,2105.028413,1140.80656,837.3520147,468.0982334,343.5841033,3018.755573,1855.813345,761.4813756,CT,127.1755244,1425.4839,10781.86934,5763.225818
130,COUNTY,TEXAS,48,SOUTH TEXAS,96,LIVE OAK,297,1696,4714,5272,55.88,28.2678746,-98.101923,274.5389824,763.0759216,853.4018368,108.8162711,302.4527723,338.254352,185.3139354,136.0204286,320.7349032,235.4194189,47.82677738,35.1048546,195.0626529,521.7572678,77.80247316,CT,15.70254062,176.0064993,1332.074597,810.3249345
131,COUNTY,TEXAS,48,SOUTH TEXAS,96,ZAPATA,505,0,0,0,49.6062,26.9879626,-99.1673556,0,0,0,0,0,0,0,0,0,0,0,0,0,0,0,CT,0,0,0,0
132,COUNTY,TEXAS,48,SOUTH TEXAS,96,ZAVALA,507,7694,5856,4951,52.578,28.8366612,-99.767631,1245.461634,947.9364864,801.4401544,493.6511731,375.7241057,317.6588196,840.6871573,617.0643734,398.4352128,292.4514462,44.9147145,32.96740044,884.9127662,648.1566738,73.06525884,CT,24.86840473,278.7447563,2408.262075,1631.003104
133,COUNTY,TEXAS,48,SOUTHERN HIGH PLAINS,12,ANDREWS,3,11314,0,0,38.481,32.2690953,-102.6042447,1831.446962,0,0,725.9123177,0,0,1236.227515,907.3909957,0,0,0,0,1301.261117,0,0,CT,15.20788774,170.4620384,1803.765352,1316.469005
134,COUNTY,TEXAS,48,SOUTHERN HIGH PLAINS,12,BAILEY,17,77145,8683,17078,44.1198,34.0349194,-102.8149372,12487.80059,1405.555415,2764.491003,4949.664641,557.1059444,1095.733654,8429.270958,6187.084883,590.7809004,433.6331809,154.9290031,113.7178883,8872.7054,961.056079,252.0316078,CT,138.3226883,1550.430133,14887.37032,10224.11578
135,COUNTY,TEXAS,48,SOUTHERN HIGH PLAINS,12,COCHRAN,79,124080,20842,31180,46.5836,33.5905096,-102.805677,20085.37555,3373.786245,5047.243792,7961.039454,1337.233916,2000.525549,13557.63744,9951.305882,1418.06467,1040.859467,282.8601895,207.6193791,14270.8573,2306.844501,460.1443689,CT,236.7102216,2653.235451,25151.8191,17274.55639
136,COUNTY,TEXAS,48,SOUTHERN HIGH PLAINS,12,CROSBY,107,177589,2498,6187,58.293,33.5778818,-101.2855737,28747.11282,404.3622512,1001.516913,11394.20564,160.2730219,396.9612436,19404.31396,14242.76644,169.9609224,124.751317,56.12751739,41.19759776,20425.107,276.4848653,91.30574761,CT,250.3830724,2806.491581,29166.64684,21043.28068
137,COUNTY,TEXAS,48,SOUTHERN HIGH PLAINS,12,DAWSON,115,259949,0,3681,48.4378,32.7410762,-101.9576048,42079.08841,0,595.8596664,16678.46748,0,236.1749374,28403.40341,20848.0981,0,0,33.39346881,24.5108061,29897.60705,0,54.32300905,CT,354.3623338,3971.973412,41759.22474,30306.2924
138,COUNTY,TEXAS,48,SOUTHERN HIGH PLAINS,12,GAINES,165,241339,5100,13945,46.228,32.7044935,-102.6220553,39066.60582,825.55944,2257.338508,15484.43988,327.2187396,894.718691,26369.97633,19355.56262,346.99788,254.6964439,126.5069064,92.85606931,27757.20849,564.4807098,205.7958058,CT,349.9991728,3923.067651,40332.5601,28877.48417
139,COUNTY,TEXAS,48,SOUTHERN HIGH PLAINS,12,GLASSCOCK,173,128853,627,961,43.9928,31.8640224,-101.4811312,20858.00206,101.4952488,155.5612984,8267.277698,40.22865681,61.65827623,14079.16068,10334.10394,42.6603276,31.31268046,8.718044967,6.399045006,14819.81605,69.39792256,14.1821276,CT,175.3342836,1965.285377,20706.26567,15078.73038
140,COUNTY,TEXAS,48,SOUTHERN HIGH PLAINS,12,HOCKLEY,219,152495,12398,72464,49.7332,33.5714311,-102.3110415,24685.03663,2006.918811,11730.06652,9784.161118,795.46234,4649.329167,16662.41072,12230.20947,843.5450424,619.1620611,657.382321,482.5186236,17538.96183,1372.241537,1069.400306,CT,319.0470753,3576.132053,32136.97483,20299.65074
141,COUNTY,TEXAS,48,SOUTHERN HIGH PLAINS,12,HOWARD,227,70458,0,0,51.1048,32.3047833,-101.4271085,11405.34648,0,0,4520.623129,0,0,7698.61395,5650.782639,0,0,0,0,8103.611084,0,0,CT,94.70720827,1061.553323,11232.95909,8198.318293
142,COUNTY,TEXAS,48,SOUTHERN HIGH PLAINS,12,LAMB,279,156911,35043,36096,47.4726,34.0321667,-102.3429233,25399.87398,5672.564599,5843.018342,10067.49405,2248.377705,2315.93875,17144.92625,12584.37586,2384.283668,1750.064213,327.4573893,240.3537238,18046.86081,3878.646571,532.6931091,CT,306.5369276,3435.908419,32642.51273,22764.73742
143,COUNTY,TEXAS,48,SOUTHERN HIGH PLAINS,12,LUBBOCK,303,264305,17986,23354,47.4726,33.5634402,-101.8792389,42784.21329,2911.472958,3780.414738,16957.95078,1153.991422,1498.405185,28879.36302,21197.45246,1223.745857,898.2294589,211.8639148,155.5081135,30398.60523,1990.735303,344.6507887,CT,410.8374446,4604.991137,46466.52856,33144.82877
144,COUNTY,TEXAS,48,SOUTHERN HIGH PLAINS,12,LYNN,305,297817,10248,22224,52.0192,33.1474257,-101.812592,48208.94818,1658.888851,3597.496666,19108.0987,657.5171851,1425.903778,32541.06149,23885.13914,697.2616224,511.7900308,201.6127277,147.9837422,34252.93284,1134.274179,327.9746137,CT,443.9630576,4976.289217,50712.72179,36159.14469
145,COUNTY,TEXAS,48,SOUTHERN HIGH PLAINS,12,MARTIN,317,148810,0,5570,46.228,32.2675039,-101.9190317,24088.52946,0,901.640408,9547.729538,0,357.3741921,16259.76811,11934.6698,0,0,50.53018779,37.08915784,17115.13761,0,82.2002609,CT,207.51226,2325.961595,24202.82428,17404.85013
146,COUNTY,TEXAS,48,SOUTHERN HIGH PLAINS,12,MIDLAND,329,11344,2176,0,37.592,31.83688,-102.0103767,1836.303194,352.2386944,0,727.8371338,139.6133289,0,1239.505473,909.7970175,148.0524288,108.6704827,0,0,1304.711518,240.8451028,0,CT,18.17311669,203.6986706,2089.616634,1563.729738
147,COUNTY,TEXAS,48,SOUTHERN HIGH PLAINS,12,TERRY,445,209724,3997,9083,47.9806,33.1514254,-102.3328121,33948.94667,647.0119768,1470.305175,13456.0045,256.4496671,582.7701592,22915.55412,16820.01672,271.9510836,199.6120954,82.3995863,60.48129634,24121.06121,442.397921,134.0439802,CT,299.4854357,3356.869719,34732.20416,24996.98855
148,COUNTY,TEXAS,48,SOUTHERN HIGH PLAINS,12,YOAKUM,501,98050,7373,18866,46.7614,33.1536951,-102.833579,15871.78492,1193.499951,3053.92243,6290.940671,473.0556407,1210.452695,10713.46189,7863.681026,501.6500724,368.2111531,171.1494655,125.6237077,11277.05962,816.0620144,278.4183343,CT,167.0649778,1872.596455,18204.56135,12538.60495
149,COUNTY,TEXAS,48,SOUTHERN LOW PLAINS,22,BAYLOR,23,7896,0,569,70.5866,33.574962,-99.2000611,1278.160262,0,92.1065336,506.6116016,0,36.50734566,862.7587463,633.2649198,0,0,5.161880943,3.788820612,908.1454643,0,8.397118214,CT,11.37836041,127.5376662,1307.710354,927.9209429
150,COUNTY,TEXAS,48,SOUTHERN LOW PLAINS,22,COLEMAN,83,5934,16105,1738,72.898,31.7766863,-99.4461098,960.5626896,2606.987212,281.3377072,380.7286276,1033.305451,111.5110136,648.3802432,475.9110985,1095.764874,804.2914175,15.76687009,11.57288264,682.4892585,1782.541535,25.64884263,CT,31.96022157,358.2354505,3175.555942,2522.639858
151,COUNTY,TEXAS,48,SOUTHERN LOW PLAINS,22,FISHER,151,76475,2478,0,61.5188,32.7090882,-100.3811922,12379.34474,401.1247632,0,4906.677081,158.9898111,0,8356.063212,6133.350398,168.6001464,123.7525075,0,0,8795.646451,274.2712155,0,CT,106.1258936,1189.542984,12512.31278,9176.04356
152,COUNTY,TEXAS,48,SOUTHERN LOW PLAINS,22,HASKELL,207,85786,0,5767,63.3222,33.1542164,-99.7199972,13886.55728,0,933.5296648,5504.075843,0,370.0138179,9373.432347,6880.099342,0,0,52.31734165,38.40092877,9866.535815,0,85.10752327,CT,123.0623781,1379.380502,14171.97043,10074.70572
153,COUNTY,TEXAS,48,SOUTHERN LOW PLAINS,22,JONES,253,79795,0,1852,66.04,32.7135946,-99.8606106,12916.76775,0,299.7913888,5119.690065,0,118.8253149,8718.823982,6399.616803,0,0,16.80106064,12.33197851,9177.490796,0,27.33121781,CT,109.7470753,1230.132053,12880.59621,9314.569089
154,COUNTY,TEXAS,48,SOUTHERN LOW PLAINS,22,KNOX,275,16527,0,0,66.9544,33.5871385,-99.7073621,2675.298209,0,0,1060.381198,0,0,1805.827482,1325.477372,0,0,0,0,1900.825746,0,0,CT,22.21502216,249.0035451,2634.862115,1923.040768
155,COUNTY,TEXAS,48,SOUTHERN LOW PLAINS,22,MITCHELL,335,39261,0,445,49.3522,32.2898049,-100.9213003,6355.350818,0,72.034108,2519.00685,0,28.55143905,4289.864632,3148.76064,0,0,4.036971915,2.963137386,4515.539396,0,6.567166266,CT,53.37143279,598.2292467,6297.511314,4575.477995
156,COUNTY,TEXAS,48,SOUTHERN LOW PLAINS,22,NOLAN,353,60821,0,1590,59.7916,32.2719306,-100.3987748,9845.362882,0,257.380296,3902.308032,0,102.0152541,6645.62433,4877.888258,0,0,14.42423673,10.58738976,6995.227366,0,23.46470643,CT,83.89070901,940.3134417,9833.112376,7102.582781
157,COUNTY,TEXAS,48,SOUTHERN LOW PLAINS,22,RUNNELS,399,69222,767,7107,60.3504,31.8282551,-99.9779922,11205.26972,124.1576648,1150.441361,4441.320705,49.21113202,455.9889378,7563.562049,5551.654544,52.1857596,38.30434755,64.47361663,47.32363461,7961.454575,84.89347145,104.8828105,CT,103.6297784,1161.564549,11745.36785,8254.860636
158,COUNTY,TEXAS,48,SOUTHERN LOW PLAINS,22,SCURRY,415,67194,0,0,57.1754,32.7225172,-100.9052015,10876.98843,0,0,4311.203136,0,0,7341.972036,5389.007475,0,0,0,0,7728.207488,0,0,CT,90.31985229,1012.376366,10712.58698,7818.52734
159,COUNTY,TEXAS,48,SOUTHERN LOW PLAINS,22,STONEWALL,433,23047,0,0,59.0296,33.1571742,-100.2453011,3730.719297,0,0,1478.7079,0,0,2518.237187,1848.386095,0,0,0,0,2650.712831,0,0,CT,30.9789808,347.2369276,3674.330923,2681.691812
160,COUNTY,TEXAS,48,SOUTHERN LOW PLAINS,22,TAYLOR,441,18085,0,3095,60.4012,32.2793121,-99.8812612,2927.498524,0,501.001268,1160.343315,0,198.5768626,1976.062807,1450.430101,0,0,28.07736647,20.60878699,2080.016555,0,45.67501032,CT,28.46942393,319.1078287,3149.066894,2154.16099
161,COUNTY,TEXAS,48,TRANS-PECOS,60,BREWSTER,43,0,0,0,43.6626,29.8462742,-103.2400734,0,0,0,0,0,0,0,0,0,0,0,0,0,0,0,CT,0,0,0,0
162,COUNTY,TEXAS,48,TRANS-PECOS,60,EL PASO,141,14873,6,0,23.9522,31.7550511,-106.4882345,2106.613207,0.8498406,0,834.9772108,0.33684282,0,1625.102689,1192.825374,0.4082328,0.299642875,0,0,1710.593654,0.664094953,0,CT,19.99983752,224.174003,2252.613073,1731.257586
163,COUNTY,TEXAS,48,TRANS-PECOS,60,HUDSPETH,229,2739,0,0,30.3022,31.5388627,-105.4752945,443.3739816,0,0,175.7357113,0,0,299.277635,219.6697841,0,0,0,0,315.0215839,0,0,CT,3.681669129,41.26706056,436.672556,318.703253
164,COUNTY,TEXAS,48,TRANS-PECOS,60,PECOS,371,3181,0,0,35.7124,30.7857437,-102.8065415,514.9224664,0,0,204.0946688,0,0,347.5728941,255.1185043,0,0,0,0,365.8574876,0,0,CT,4.275790251,47.92644018,507.1396132,370.1332778
165,COUNTY,TEXAS,48,TRANS-PECOS,60,REEVES,389,0,0,0,29.4894,31.232003,-103.6583657,0,0,0,0,0,0,0,0,0,0,0,0,0,0,0,CT,0,0,0,0
166,COUNTY,TEXAS,48,UPPER COAST,90,BRAZORIA,39,0,12553,7712,145.3896,29.18161,-95.4993375,0,2286.010511,1404.422294,0,906.0831262,556.6568206,0,0,854.0910564,626.9028354,34.9808608,25.67595183,0,1389.397323,56.9053077,CT,27.23951256,305.3220089,2420.640743,1473.542144
167,COUNTY,TEXAS,48,UPPER COAST,90,CALHOUN,57,11308,12298,9202,93.6244,28.5031572,-96.6736551,1830.475715,1990.731371,1489.568229,725.5273545,789.0462863,590.4052632,1235.571923,906.9097914,836.7411624,614.1680132,83.47913609,61.27368589,1300.571037,1361.173288,135.8001438,CT,44.09937962,494.3007386,4181.631133,2841.643849
168,COUNTY,TEXAS,48,UPPER COAST,90,FORT BEND,157,42210,17794,15911,125.3236,29.511218,-95.7807348,7686.808227,3240.442208,2897.531526,3046.743309,1284.381673,1148.465596,4612.087979,3385.272576,1210.682407,888.6408869,72.1707049,52.9732974,4854.713785,1969.484265,117.4040911,CT,102.0423191,1143.771049,10950.24839,7043.64446
169,COUNTY,TEXAS,48,UPPER COAST,90,HARRIS,201,0,4913,0,137.0584,29.8119769,-95.3741247,0,894.7000431,0,0,354.6233091,0,0,0,334.2746244,245.3575743,0,0,0,543.7830838,0,CT,6.603884786,74.02156573,674.0024491,550.3869685
170,COUNTY,TEXAS,48,UPPER COAST,90,JACKSON,239,39488,89140,6330,106.934,28.9224028,-96.55561,7191.108346,16233.16952,1152.748071,2850.267704,6434.17907,456.9032254,4314.667854,3166.966205,6064.978632,4451.694316,28.712247,21.0747893,4541.647428,9866.237347,46.70780572,CT,181.4058789,2033.34062,19414.42593,14635.99846
171,COUNTY,TEXAS,48,UPPER COAST,90,MATAGORDA,321,25911,32924,14501,121.9962,28.8879823,-96.0035095,4718.618526,5995.746839,2640.758259,1870.271639,2376.474217,1046.690943,2831.172983,2078.08097,2240.109451,1644.240337,65.7750859,48.27891305,2980.111085,3644.11037,106.9999828,CT,98.5757164,1104.914623,10168.95164,6829.797154
172,COUNTY,TEXAS,48,UPPER COAST,90,VICTORIA,469,13801,25023,10537,101.854,28.8026443,-96.9766308,2513.282169,4556.906,1918.879372,996.1645204,1806.175262,760.5670278,1507.970296,1106.850197,1702.534892,1249.660611,47.7947783,35.08136727,1587.299335,2769.608,77.75041847,CT,66.34935007,743.6960118,6698.194998,4501.007104
173,COUNTY,TEXAS,48,UPPER COAST,90,WHARTON,481,80643,69499,18383,116.6368,29.2454534,-96.2291474,14685.79189,12656.37254,3347.704232,5820.860475,5016.47982,1326.896049,8811.480949,6467.627017,4728.628561,3470.813364,83.3834497,61.20345208,9275.022122,7692.322519,135.6444854,CT,226.5254801,2539.076809,24702.95699,17329.51461
174,COUNTY,TEXAS,48,BLACKLANDS,40,DALLAS,113,0,0,0,94.107,32.7762719,-96.7968559,0,0,0,0,0,0,0,0,0,0,0,0,0,0,0,CT,0,0,0,0
175,COUNTY,TEXAS,48,BLACKLANDS,40,TARRANT,439,0,0,0,86.3854,32.7513658,-97.335696,0,0,0,0,0,0,0,0,0,0,0,0,0,0,0,CT,0,0,0,0
176,COUNTY,TEXAS,48,CROSS TIMBERS,30,MILLS,333,0,0,0,73.1012,31.4861082,-98.5527272,0,0,0,0,0,0,0,0,0,0,0,0,0,0,0,CT,0,0,0,0
177,COUNTY,TEXAS,48,EAST TEXAS NORTH,51,CASS,67,0,6,0,122.428,33.0560857,-94.3510366,0,1.0926522,0,0,0.433083626,0,0,0,0.4082328,0.299642875,0,0,0,0.664094953,0,CT,0.008064993,0.090398818,0.82312532,0.672159945
178,COUNTY,TEXAS,48,EAST TEXAS NORTH,51,HENDERSON,213,0,18,0,106.7562,32.182598,-95.7893178,0,3.2779566,0,0,1.299250878,0,0,0,1.2246984,0.898928626,0,0,0,1.992284858,0,CT,0.024194978,0.271196455,2.469375959,2.016479836
179,COUNTY,TEXAS,48,EAST TEXAS NORTH,51,NACOGDOCHES,347,0,0,0,122.936,31.5970503,-94.5927451,0,0,0,0,0,0,0,0,0,0,0,0,0,0,0,CT,0,0,0,0
180,COUNTY,TEXAS,48,EAST TEXAS NORTH,51,PANOLA,365,0,0,0,130.8354,32.1367712,-94.3130073,0,0,0,0,0,0,0,0,0,0,0,0,0,0,0,CT,0,0,0,0
181,COUNTY,TEXAS,48,EAST TEXAS NORTH,51,RED RIVER,387,0,484,0,121.4882,33.571979,-95.0429674,0,88.1406108,0,0,34.9354125,0,0,0,32.9307792,24.17119193,0,0,0,53.57032618,0,CT,0.650576071,7.292171344,66.39877577,54.22090225
182,COUNTY,TEXAS,48,EAST TEXAS NORTH,51,RUSK,401,0,26,0,122.4788,32.051377,-94.7906553,0,4.7348262,0,0,1.876695713,0,0,0,1.7690088,1.298452459,0,0,0,2.877744795,0,CT,0.034948301,0.391728213,3.566876385,2.912693096
183,COUNTY,TEXAS,48,EAST TEXAS NORTH,51,SHELBY,419,0,0,0,134.6454,31.7716364,-94.1301652,0,0,0,0,0,0,0,0,0,0,0,0,0,0,0,CT,0,0,0,0
184,COUNTY,TEXAS,48,EAST TEXAS NORTH,51,SMITH,423,0,18,0,115.316,32.3402898,-95.2563971,0,3.2779566,0,0,1.299250878,0,0,0,1.2246984,0.898928626,0,0,0,1.992284858,0,CT,0.024194978,0.271196455,2.469375959,2.016479836
185,COUNTY,TEXAS,48,EAST TEXAS NORTH,51,TITUS,449,0,0,0,123.3678,33.2040399,-94.9651725,0,0,0,0,0,0,0,0,0,0,0,0,0,0,0,CT,0,0,0,0
186,COUNTY,TEXAS,48,EAST TEXAS NORTH,51,WOOD,499,0,0,0,116.5352,32.7577475,-95.3812941,0,0,0,0,0,0,0,0,0,0,0,0,0,0,0,CT,0,0,0,0
187,COUNTY,TEXAS,48,EAST TEXAS SOUTH,52,HARDIN,199,0,5,0,143.51,30.3049642,-94.403904,0,0.9105435,0,0,0.360903022,0,0,0,0.340194,0.249702396,0,0,0,0.553412461,0,CT,0.006720827,0.075332349,0.685937766,0.560133288
188,COUNTY,TEXAS,48,EAST TEXAS SOUTH,52,JASPER,241,0,17,0,153.8478,30.7485258,-94.000884,0,3.439831,0,0,1.363411415,0,0,0,1.1566596,0.848988146,0,0,0,1.881602366,0,CT,0.022850812,0.256129985,2.468529547,1.904453178
189,COUNTY,TEXAS,48,EAST TEXAS SOUTH,52,LEON,289,0,0,0,109.4232,31.2715127,-95.9953382,0,0,0,0,0,0,0,0,0,0,0,0,0,0,0,CT,0,0,0,0
190,COUNTY,TEXAS,48,EAST TEXAS SOUTH,52,MONTGOMERY,339,0,21,0,125.2728,30.301949,-95.5065944,0,3.8242827,0,0,1.515792691,0,0,0,1.4288148,1.048750063,0,0,0,2.324332334,0,CT,0.028227474,0.316395864,2.880938618,2.352559809
191,COUNTY,TEXAS,48,EAST TEXAS SOUTH,52,NEWTON,351,0,29,0,139.446,30.8118989,-93.740504,0,5.2811523,0,0,2.093237526,0,0,0,1.9731252,1.448273897,0,0,0,3.209792271,0,CT,0.038980798,0.436927622,3.978439044,3.248773069
192,COUNTY,TEXAS,48,EAST TEXAS SOUTH,52,POLK,373,0,14,0,131.699,30.7642828,-94.8192175,0,2.5495218,0,0,1.010528461,0,0,0,0.9525432,0.699166709,0,0,0,1.54955489,0,CT,0.018818316,0.210930576,1.920625746,1.568373206
193,COUNTY,TEXAS,48,EAST TEXAS SOUTH,52,SABINE,403,0,0,0,138.176,31.3325489,-93.8722218,0,0,0,0,0,0,0,0,0,0,0,0,0,0,0,CT,0,0,0,0
194,COUNTY,TEXAS,48,EAST TEXAS SOUTH,52,SAN AUGUSTINE,405,0,13,0,129.794,31.3970365,-94.1751389,0,2.3674131,0,0,0.938347856,0,0,0,0.8845044,0.64922623,0,0,0,1.438872397,0,CT,0.017474151,0.195864106,1.783438192,1.456346548
195,COUNTY,TEXAS,48,EAST TEXAS SOUTH,52,TRINITY,455,0,0,0,122.174,31.0834452,-95.1219348,0,0,0,0,0,0,0,0,0,0,0,0,0,0,0,CT,0,0,0,0
196,COUNTY,TEXAS,48,EDWARDS PLATEAU,70,EDWARDS,137,0,0,0,62.8904,29.9116617,-100.3457636,0,0,0,0,0,0,0,0,0,0,0,0,0,0,0,CT,0,0,0,0
197,COUNTY,TEXAS,48,EDWARDS PLATEAU,70,GILLESPIE,171,0,2351,1411,80.391,30.2954086,-98.9086643,0,380.5667144,228.4047784,0,150.8414229,90.53051797,0,0,159.9592188,117.4100666,12.80037612,9.39547607,0,260.214539,20.82308225,CT,5.056750369,56.68005908,424.8575426,286.0943716
198,COUNTY,TEXAS,48,EDWARDS PLATEAU,70,KENDALL,259,0,360,0,94.8944,29.943885,-98.7258845,0,58.274784,0,0,23.09779339,0,0,0,24.493968,17.97857251,0,0,0,39.84569716,0,CT,0.483899557,5.423929099,46.500295,40.32959672
199,COUNTY,TEXAS,48,SOUTH CENTRAL,81,BASTROP,21,0,0,0,96.6216,30.0541116,-97.3887764,0,0,0,0,0,0,0,0,0,0,0,0,0,0,0,CT,0,0,0,0
200,COUNTY,TEXAS,48,SOUTH CENTRAL,81,COMAL,91,0,505,0,90.7796,29.7979704,-98.2690787,0,81.746572,0,0,32.40107128,0,0,0,34.359594,25.219942,0,0,0,55.89465852,0,CT,0.678803545,7.608567208,65.22958048,56.57346206
201,COUNTY,TEXAS,48,SOUTH CENTRAL,81,LAVACA,285,0,3147,0,107.2642,29.3703333,-96.9334531,0,573.0960789,0,0,227.1523618,0,0,0,214.1181036,157.162688,0,0,0,348.3178027,0,CT,4.230088626,47.41418021,431.7292301,352.5478913
202,COUNTY,TEXAS,48,SOUTH CENTRAL,81,LEE,287,0,355,0,91.4908,30.3031353,-96.9588587,0,57.465412,0,0,22.7769907,0,0,0,24.153774,17.72887012,0,0,0,39.2922847,0,CT,0.47717873,5.34859675,45.85445757,39.76946343
203,COUNTY,TEXAS,48,SOUTH TEXAS,96,LA SALLE,283,0,0,0,57.3024,28.3391148,-99.0982257,0,0,0,0,0,0,0,0,0,0,0,0,0,0,0,CT,0,0,0,0
204,COUNTY,TEXAS,48,SOUTH TEXAS,96,MCMULLEN,311,0,1500,0,60.6298,28.3138785,-98.5527241,0,242.8116,0,0,96.24080578,0,0,0,102.0582,74.9107188,0,0,0,166.0237382,0,CT,2.016248154,22.59970458,193.7512292,168.0399863
205,COUNTY,TEXAS,48,UPPER COAST,90,CHAMBERS,71,0,0,0,137.3632,29.7191125,-94.5412295,0,0,0,0,0,0,0,0,0,0,0,0,0,0,0,CT,0,0,0,0
206,COUNTY,TEXAS,48,UPPER COAST,90,LIBERTY,291,0,0,0,153.7208,30.0856736,-94.7856262,0,0,0,0,0,0,0,0,0,0,0,0,0,0,0,CT,0,0,0,0
207,COUNTY,TEXAS,48,UPPER COAST,90,ORANGE,361,0,6,0,149.86,30.1228634,-93.9041169,0,1.0926522,0,0,0.433083626,0,0,0,0.4082328,0.299642875,0,0,0,0.664094953,0,CT,0.008064993,0.090398818,0.82312532,0.672159945
208,COUNTY,TEXAS,48,CROSS TIMBERS,30,MONTAGUE,337,0,0,0,85.6488,33.6205753,-97.7215754,0,0,0,0,0,0,0,0,0,0,0,0,0,0,0,CT,0,0,0,0
209,COUNTY,TEXAS,48,CROSS TIMBERS,30,STEPHENS,429,0,0,300,68.6816,32.6944793,-98.8200722,0,0,48.56232,0,0,19.24816116,0,0,0,0,2.7215541,1.997620709,0,0,4.427303101,CT,0.403249631,4.519940916,25.76572278,4.830552731
210,COUNTY,TEXAS,48,SOUTH TEXAS,96,DUVAL,131,0,0,0,64.516,27.6708701,-98.5121975,0,0,0,0,0,0,0,0,0,0,0,0,0,0,0,CT,0,0,0,0
211,COUNTY,TEXAS,48,UPPER COAST,90,JEFFERSON,245,0,0,0,152.1206,29.834772,-94.1704496,0,0,0,0,0,0,0,0,0,0,0,0,0,0,0,CT,0,0,0,0
212,COUNTY,TEXAS,48,COASTAL BEND,82,ARANSAS,7,0,0,0,91.3384,28.1987876,-96.947708,0,0,0,0,0,0,0,0,0,0,0,0,0,0,0,CT,0,0,0,0
213,COUNTY,TEXAS,48,CROSS TIMBERS,30,HOOD,221,0,0,0,84.074,32.4107555,-97.828282,0,0,0,0,0,0,0,0,0,0,0,0,0,0,0,CT,0,0,0,0
214,COUNTY,TEXAS,48,CROSS TIMBERS,30,JACK,237,0,0,0,79.8576,33.2127019,-98.1639199,0,0,0,0,0,0,0,0,0,0,0,0,0,0,0,CT,0,0,0,0
215,COUNTY,TEXAS,48,CROSS TIMBERS,30,PALO PINTO,363,0,0,0,80.7466,32.7215726,-98.2814881,0,0,0,0,0,0,0,0,0,0,0,0,0,0,0,CT,0,0,0,0
216,COUNTY,TEXAS,48,CROSS TIMBERS,30,SOMERVELL,425,0,0,0,88.4428,32.2275813,-97.7724138,0,0,0,0,0,0,0,0,0,0,0,0,0,0,0,CT,0,0,0,0
217,COUNTY,TEXAS,48,EAST TEXAS NORTH,51,CAMP,63,0,0,0,114.554,32.9723128,-94.9852858,0,0,0,0,0,0,0,0,0,0,0,0,0,0,0,CT,0,0,0,0
218,COUNTY,TEXAS,48,EAST TEXAS NORTH,51,CHEROKEE,73,0,0,0,123.19,31.8390826,-95.1791849,0,0,0,0,0,0,0,0,0,0,0,0,0,0,0,CT,0,0,0,0
219,COUNTY,TEXAS,48,EAST TEXAS NORTH,51,GREGG,183,0,0,0,124.6124,32.4492408,-94.8532848,0,0,0,0,0,0,0,0,0,0,0,0,0,0,0,CT,0,0,0,0
220,COUNTY,TEXAS,48,EAST TEXAS NORTH,51,MARION,315,0,0,0,125.1204,32.7931661,-94.344488,0,0,0,0,0,0,0,0,0,0,0,0,0,0,0,CT,0,0,0,0
221,COUNTY,TEXAS,48,EAST TEXAS NORTH,51,MORRIS,343,0,0,0,123.8504,33.0738633,-94.7392197,0,0,0,0,0,0,0,0,0,0,0,0,0,0,0,CT,0,0,0,0
222,COUNTY,TEXAS,48,EAST TEXAS NORTH,51,RAINS,379,0,0,0,110.49,32.8685085,-95.7964017,0,0,0,0,0,0,0,0,0,0,0,0,0,0,0,CT,0,0,0,0
223,COUNTY,TEXAS,48,EAST TEXAS NORTH,51,UPSHUR,459,0,0,0,119.5832,32.7263725,-94.9286251,0,0,0,0,0,0,0,0,0,0,0,0,0,0,0,CT,0,0,0,0
224,COUNTY,TEXAS,48,EAST TEXAS NORTH,51,VAN ZANDT,467,0,0,0,110.9472,32.5375642,-95.8292165,0,0,0,0,0,0,0,0,0,0,0,0,0,0,0,CT,0,0,0,0
225,COUNTY,TEXAS,48,EAST TEXAS SOUTH,52,ANGELINA,5,0,0,0,118.4148,31.2544545,-94.6181177,0,0,0,0,0,0,0,0,0,0,0,0,0,0,0,CT,0,0,0,0
226,COUNTY,TEXAS,48,EAST TEXAS SOUTH,52,TYLER,457,0,0,0,139.1666,30.7563939,-94.3984613,0,0,0,0,0,0,0,0,0,0,0,0,0,0,0,CT,0,0,0,0
227,COUNTY,TEXAS,48,EDWARDS PLATEAU,70,BANDERA,19,0,0,0,90.8812,29.7643475,-99.234526,0,0,0,0,0,0,0,0,0,0,0,0,0,0,0,CT,0,0,0,0
228,COUNTY,TEXAS,48,EDWARDS PLATEAU,70,CROCKETT,105,0,0,0,48.133,30.6517377,-101.3766686,0,0,0,0,0,0,0,0,0,0,0,0,0,0,0,CT,0,0,0,0
229,COUNTY,TEXAS,48,EDWARDS PLATEAU,70,KERR,265,0,0,0,82.804,30.045717,-99.3884839,0,0,0,0,0,0,0,0,0,0,0,0,0,0,0,CT,0,0,0,0
230,COUNTY,TEXAS,48,EDWARDS PLATEAU,70,KIMBLE,267,0,0,0,59.0296,30.4744131,-99.8199792,0,0,0,0,0,0,0,0,0,0,0,0,0,0,0,CT,0,0,0,0
231,COUNTY,TEXAS,48,EDWARDS PLATEAU,70,LAMPASAS,281,0,0,0,78.9432,31.1761363,-98.240563,0,0,0,0,0,0,0,0,0,0,0,0,0,0,0,CT,0,0,0,0
232,COUNTY,TEXAS,48,EDWARDS PLATEAU,70,MASON,319,0,0,0,70.993,30.705029,-99.2233284,0,0,0,0,0,0,0,0,0,0,0,0,0,0,0,CT,0,0,0,0
233,COUNTY,TEXAS,48,EDWARDS PLATEAU,70,MENARD,327,0,0,0,63.246,30.8573562,-99.8320637,0,0,0,0,0,0,0,0,0,0,0,0,0,0,0,CT,0,0,0,0
234,COUNTY,TEXAS,48,EDWARDS PLATEAU,70,REAL,385,0,0,0,71.0946,29.7949383,-99.8280905,0,0,0,0,0,0,0,0,0,0,0,0,0,0,0,CT,0,0,0,0
235,COUNTY,TEXAS,48,EDWARDS PLATEAU,70,STERLING,431,0,0,0,49.276,31.8151416,-101.0452671,0,0,0,0,0,0,0,0,0,0,0,0,0,0,0,CT,0,0,0,0
236,COUNTY,TEXAS,48,EDWARDS PLATEAU,70,SUTTON,435,0,0,0,56.896,30.51216325,-100.5384181,0,0,0,0,0,0,0,0,0,0,0,0,0,0,0,CT,0,0,0,0
237,COUNTY,TEXAS,48,EDWARDS PLATEAU,70,VAL VERDE,465,0,0,0,47.752,29.9153286,-101.1284631,0,0,0,0,0,0,0,0,0,0,0,0,0,0,0,CT,0,0,0,0
238,COUNTY,TEXAS,48,SOUTH TEXAS,96,BROOKS,47,0,0,0,56.7436,26.9879856,-98.2071041,0,0,0,0,0,0,0,0,0,0,0,0,0,0,0,CT,0,0,0,0
239,COUNTY,TEXAS,48,SOUTH TEXAS,96,JIM HOGG,247,0,0,0,60.325,27.0065425,-98.7047316,0,0,0,0,0,0,0,0,0,0,0,0,0,0,0,CT,0,0,0,0
240,COUNTY,TEXAS,48,SOUTH TEXAS,96,KENEDY,261,0,0,0,70.866,26.9205171,-97.7461361,0,0,0,0,0,0,0,0,0,0,0,0,0,0,0,CT,0,0,0,0
241,COUNTY,TEXAS,48,SOUTH TEXAS,96,MAVERICK,323,0,0,0,54.5592,28.792861,-100.3110817,0,0,0,0,0,0,0,0,0,0,0,0,0,0,0,CT,0,0,0,0
242,COUNTY,TEXAS,48,SOUTH TEXAS,96,WEBB,479,0,0,0,54.6862,27.6983621,-99.2523577,0,0,0,0,0,0,0,0,0,0,0,0,0,0,0,CT,0,0,0,0
243,COUNTY,TEXAS,48,TRANS-PECOS,60,CRANE,103,0,0,0,39.0652,31.4486118,-102.5163544,0,0,0,0,0,0,0,0,0,0,0,0,0,0,0,CT,0,0,0,0
244,COUNTY,TEXAS,48,TRANS-PECOS,60,CULBERSON,109,0,0,0,30.4292,31.4622625,-104.482834,0,0,0,0,0,0,0,0,0,0,0,0,0,0,0,CT,0,0,0,0
245,COUNTY,TEXAS,48,TRANS-PECOS,60,ECTOR,135,0,0,0,33.7566,31.8941755,-102.5794339,0,0,0,0,0,0,0,0,0,0,0,0,0,0,0,CT,0,0,0,0
246,COUNTY,TEXAS,48,TRANS-PECOS,60,JEFF DAVIS,243,0,0,0,40.2844,30.7018281,-104.1501698,0,0,0,0,0,0,0,0,0,0,0,0,0,0,0,CT,0,0,0,0
247,COUNTY,TEXAS,48,TRANS-PECOS,60,LOVING,301,0,0,0,23.114,31.8364044,-103.5663536,0,0,0,0,0,0,0,0,0,0,0,0,0,0,0,CT,0,0,0,0
248,COUNTY,TEXAS,48,TRANS-PECOS,60,PRESIDIO,377,0,0,0,40.1066,29.9883766,-104.233655,0,0,0,0,0,0,0,0,0,0,0,0,0,0,0,CT,0,0,0,0
249,COUNTY,TEXAS,48,TRANS-PECOS,60,TERRELL,443,0,0,0,37.9476,30.1990738,-102.0974881,0,0,0,0,0,0,0,0,0,0,0,0,0,0,0,CT,0,0,0,0
250,COUNTY,TEXAS,48,TRANS-PECOS,60,WARD,475,0,0,0,33.6042,31.5007583,-103.0781186,0,0,0,0,0,0,0,0,0,0,0,0,0,0,0,CT,0,0,0,0
251,COUNTY,TEXAS,48,TRANS-PECOS,60,WINKLER,495,0,0,0,32.8168,31.8005913,-103.0762299,0,0,0,0,0,0,0,0,0,0,0,0,0,0,0,CT,0,0,0,0
252,COUNTY,TEXAS,48,UPPER COAST,90,GALVESTON,167,0,0,0,111.3536,29.3872254,-94.992736,0,0,0,0,0,0,0,0,0,0,0,0,0,0,0,CT,0,0,0,0
